schema_version,experiment_id,run_uuid,status,error_class,return_code,engine,scenario,scale_factor,region,date,sample_index,is_warmup,threads,cpu_ratio,gpu_ratio,gpu_chunk_rows,memory_scope,mode_options_json,not_applicable_phases,result_rows,result_hash,rows_json,oracle_status,load_ms,plan_build_ms,host_prepare_ms,h2d_ms,cpu_scan_ms,gpu_kernel_ms,d2h_ms,overlap_wall_ms,query_total_ms,process_elapsed_ms,input_lineitem_rows,matched_lineitem_rows,cpu_input_rows,gpu_input_rows,h2d_bytes,d2h_bytes,mapped_remote_read_bytes,cpu_peak_rss_bytes,gpu_peak_memory_bytes,throughput_rows_per_second,stdout_log,stderr_log,started_at_utc,finished_at_utc,config_id,session_id,lifecycle,ratio_mode,dataset_load_ms,session_setup_ms,tune_ms,resident_host_bytes,resident_gpu_bytes,resident_pinned_bytes,measurement_status_json,selected_cpu_ratio,predicted_cpu_ratio,request_index,cpu_peak_rss_status,gpu_peak_memory_status,gpu_peak_memory_source
2,v7-formal-sf10-resident,1534e330-80b2-4b0a-b1ac-52a29ace71b6,ok,,0,cpu-specialized,resident,10,ASIA,1994-01-01,0,True,8,1.0,0.0,0,process_tree,"{""sweep"":""threads""}","[""host_prepare_ms"",""load_ms""]",5,b1351a421ba8dcfd,"[{""nation"":""INDIA"",""revenue_1e4"":5368625879995},{""nation"":""CHINA"",""revenue_1e4"":5353508299282},{""nation"":""VIETNAM"",""revenue_1e4"":5322693887176},{""nation"":""JAPAN"",""revenue_1e4"":5267668371444},{""nation"":""INDONESIA"",""revenue_1e4"":5231768523189}]",expected_hash_match,,0.0,,0.0,87.22546,0.0,0.0,0.0,87.457174,4625.241302885115,59986052,72985,59986052,0,0,0,0,2885586944,,685890582.2865944,logs/cpu-specialized-t08.stdout.jsonl,logs/cpu-specialized-t08.stderr.txt,2026-07-14T07:01:14.094563Z,2026-07-14T07:01:18.719826Z,cpu-specialized-t08,50c3e76f-2ebe-44c3-b388-5c2dcd417226,resident,fixed,2917.909425,613.923865,0.0,2639842265,0,0,"{""cpu_scan_ms"":""measured"",""d2h_bytes"":""measured"",""d2h_ms"":""measured"",""dataset_load_ms"":""measured"",""gpu_kernel_ms"":""measured"",""h2d_bytes"":""measured"",""h2d_ms"":""measured"",""host_prepare_ms"":""unavailable"",""load_ms"":""unavailable"",""mapped_remote_read_bytes"":""measured"",""overlap_wall_ms"":""measured"",""plan_build_ms"":""measured"",""query_total_ms"":""measured"",""resident_gpu_bytes"":""measured"",""resident_host_bytes"":""measured"",""resident_pinned_bytes"":""measured"",""session_setup_ms"":""measured"",""throughput_rows_per_second"":""measured"",""tune_ms"":""measured""}",1.0,,0,measured,unavailable,
2,v7-formal-sf10-resident,d618045e-ba7b-401f-ae4c-d4027b823270,ok,,0,cpu-specialized,resident,10,ASIA,1994-01-01,1,True,8,1.0,0.0,0,process_tree,"{""sweep"":""threads""}","[""host_prepare_ms"",""load_ms""]",5,b1351a421ba8dcfd,"[{""nation"":""INDIA"",""revenue_1e4"":5368625879995},{""nation"":""CHINA"",""revenue_1e4"":5353508299282},{""nation"":""VIETNAM"",""revenue_1e4"":5322693887176},{""nation"":""JAPAN"",""revenue_1e4"":5267668371444},{""nation"":""INDONESIA"",""revenue_1e4"":5231768523189}]",expected_hash_match,,0.0,,0.0,50.138671,0.0,0.0,0.0,50.433229,4625.241302885115,59986052,72985,59986052,0,0,0,0,2885586944,,1189415256.3580651,logs/cpu-specialized-t08.stdout.jsonl,logs/cpu-specialized-t08.stderr.txt,2026-07-14T07:01:14.094563Z,2026-07-14T07:01:18.719826Z,cpu-specialized-t08,50c3e76f-2ebe-44c3-b388-5c2dcd417226,resident,fixed,2917.909425,613.923865,0.0,2639842265,0,0,"{""cpu_scan_ms"":""measured"",""d2h_bytes"":""measured"",""d2h_ms"":""measured"",""dataset_load_ms"":""measured"",""gpu_kernel_ms"":""measured"",""h2d_bytes"":""measured"",""h2d_ms"":""measured"",""host_prepare_ms"":""unavailable"",""load_ms"":""unavailable"",""mapped_remote_read_bytes"":""measured"",""overlap_wall_ms"":""measured"",""plan_build_ms"":""measured"",""query_total_ms"":""measured"",""resident_gpu_bytes"":""measured"",""resident_host_bytes"":""measured"",""resident_pinned_bytes"":""measured"",""session_setup_ms"":""measured"",""throughput_rows_per_second"":""measured"",""tune_ms"":""measured""}",1.0,,1,measured,unavailable,
2,v7-formal-sf10-resident,98174550-cbdf-462b-8ede-8b4e9acb5344,ok,,0,cpu-specialized,resident,10,ASIA,1994-01-01,2,True,8,1.0,0.0,0,process_tree,"{""sweep"":""threads""}","[""host_prepare_ms"",""load_ms""]",5,b1351a421ba8dcfd,"[{""nation"":""INDIA"",""revenue_1e4"":5368625879995},{""nation"":""CHINA"",""revenue_1e4"":5353508299282},{""nation"":""VIETNAM"",""revenue_1e4"":5322693887176},{""nation"":""JAPAN"",""revenue_1e4"":5267668371444},{""nation"":""INDONESIA"",""revenue_1e4"":5231768523189}]",expected_hash_match,,0.0,,0.0,49.55114,0.0,0.0,0.0,49.830715,4625.241302885115,59986052,72985,59986052,0,0,0,0,2885586944,,1203796734.60435,logs/cpu-specialized-t08.stdout.jsonl,logs/cpu-specialized-t08.stderr.txt,2026-07-14T07:01:14.094563Z,2026-07-14T07:01:18.719826Z,cpu-specialized-t08,50c3e76f-2ebe-44c3-b388-5c2dcd417226,resident,fixed,2917.909425,613.923865,0.0,2639842265,0,0,"{""cpu_scan_ms"":""measured"",""d2h_bytes"":""measured"",""d2h_ms"":""measured"",""dataset_load_ms"":""measured"",""gpu_kernel_ms"":""measured"",""h2d_bytes"":""measured"",""h2d_ms"":""measured"",""host_prepare_ms"":""unavailable"",""load_ms"":""unavailable"",""mapped_remote_read_bytes"":""measured"",""overlap_wall_ms"":""measured"",""plan_build_ms"":""measured"",""query_total_ms"":""measured"",""resident_gpu_bytes"":""measured"",""resident_host_bytes"":""measured"",""resident_pinned_bytes"":""measured"",""session_setup_ms"":""measured"",""throughput_rows_per_second"":""measured"",""tune_ms"":""measured""}",1.0,,2,measured,unavailable,
2,v7-formal-sf10-resident,a4fc8bb6-1fb2-4295-aac0-9bd98edba3d8,ok,,0,cpu-specialized,resident,10,ASIA,1994-01-01,0,True,16,1.0,0.0,0,process_tree,"{""sweep"":""threads""}","[""host_prepare_ms"",""load_ms""]",5,b1351a421ba8dcfd,"[{""nation"":""INDIA"",""revenue_1e4"":5368625879995},{""nation"":""CHINA"",""revenue_1e4"":5353508299282},{""nation"":""VIETNAM"",""revenue_1e4"":5322693887176},{""nation"":""JAPAN"",""revenue_1e4"":5267668371444},{""nation"":""INDONESIA"",""revenue_1e4"":5231768523189}]",expected_hash_match,,0.0,,0.0,91.255354,0.0,0.0,0.0,91.445326,4215.815449133515,59986052,72985,59986052,0,0,0,0,2927661056,,655977233.8719641,logs/cpu-specialized-t16.stdout.jsonl,logs/cpu-specialized-t16.stderr.txt,2026-07-14T07:01:18.722659Z,2026-07-14T07:01:22.938484Z,cpu-specialized-t16,0b884d7f-a6b4-4481-8180-731ec835a825,resident,fixed,2875.15878,610.970717,0.0,2639842265,0,0,"{""cpu_scan_ms"":""measured"",""d2h_bytes"":""measured"",""d2h_ms"":""measured"",""dataset_load_ms"":""measured"",""gpu_kernel_ms"":""measured"",""h2d_bytes"":""measured"",""h2d_ms"":""measured"",""host_prepare_ms"":""unavailable"",""load_ms"":""unavailable"",""mapped_remote_read_bytes"":""measured"",""overlap_wall_ms"":""measured"",""plan_build_ms"":""measured"",""query_total_ms"":""measured"",""resident_gpu_bytes"":""measured"",""resident_host_bytes"":""measured"",""resident_pinned_bytes"":""measured"",""session_setup_ms"":""measured"",""throughput_rows_per_second"":""measured"",""tune_ms"":""measured""}",1.0,,0,measured,unavailable,
2,v7-formal-sf10-resident,6ef1d078-dc69-416c-8cb9-18025db0b260,ok,,0,cpu-specialized,resident,10,ASIA,1994-01-01,1,True,16,1.0,0.0,0,process_tree,"{""sweep"":""threads""}","[""host_prepare_ms"",""load_ms""]",5,b1351a421ba8dcfd,"[{""nation"":""INDIA"",""revenue_1e4"":5368625879995},{""nation"":""CHINA"",""revenue_1e4"":5353508299282},{""nation"":""VIETNAM"",""revenue_1e4"":5322693887176},{""nation"":""JAPAN"",""revenue_1e4"":5267668371444},{""nation"":""INDONESIA"",""revenue_1e4"":5231768523189}]",expected_hash_match,,0.0,,0.0,24.802936,0.0,0.0,0.0,25.114659,4215.815449133515,59986052,72985,59986052,0,0,0,0,2927661056,,2388487615.9377675,logs/cpu-specialized-t16.stdout.jsonl,logs/cpu-specialized-t16.stderr.txt,2026-07-14T07:01:18.722659Z,2026-07-14T07:01:22.938484Z,cpu-specialized-t16,0b884d7f-a6b4-4481-8180-731ec835a825,resident,fixed,2875.15878,610.970717,0.0,2639842265,0,0,"{""cpu_scan_ms"":""measured"",""d2h_bytes"":""measured"",""d2h_ms"":""measured"",""dataset_load_ms"":""measured"",""gpu_kernel_ms"":""measured"",""h2d_bytes"":""measured"",""h2d_ms"":""measured"",""host_prepare_ms"":""unavailable"",""load_ms"":""unavailable"",""mapped_remote_read_bytes"":""measured"",""overlap_wall_ms"":""measured"",""plan_build_ms"":""measured"",""query_total_ms"":""measured"",""resident_gpu_bytes"":""measured"",""resident_host_bytes"":""measured"",""resident_pinned_bytes"":""measured"",""session_setup_ms"":""measured"",""throughput_rows_per_second"":""measured"",""tune_ms"":""measured""}",1.0,,1,measured,unavailable,
2,v7-formal-sf10-resident,23a87449-bbc8-4cb0-872a-f5e6c7dc5e56,ok,,0,cpu-specialized,resident,10,ASIA,1994-01-01,2,True,16,1.0,0.0,0,process_tree,"{""sweep"":""threads""}","[""host_prepare_ms"",""load_ms""]",5,b1351a421ba8dcfd,"[{""nation"":""INDIA"",""revenue_1e4"":5368625879995},{""nation"":""CHINA"",""revenue_1e4"":5353508299282},{""nation"":""VIETNAM"",""revenue_1e4"":5322693887176},{""nation"":""JAPAN"",""revenue_1e4"":5267668371444},{""nation"":""INDONESIA"",""revenue_1e4"":5231768523189}]",expected_hash_match,,0.0,,0.0,25.298942,0.0,0.0,0.0,25.59362,4215.815449133515,59986052,72985,59986052,0,0,0,0,2927661056,,2343789272.4827514,logs/cpu-specialized-t16.stdout.jsonl,logs/cpu-specialized-t16.stderr.txt,2026-07-14T07:01:18.722659Z,2026-07-14T07:01:22.938484Z,cpu-specialized-t16,0b884d7f-a6b4-4481-8180-731ec835a825,resident,fixed,2875.15878,610.970717,0.0,2639842265,0,0,"{""cpu_scan_ms"":""measured"",""d2h_bytes"":""measured"",""d2h_ms"":""measured"",""dataset_load_ms"":""measured"",""gpu_kernel_ms"":""measured"",""h2d_bytes"":""measured"",""h2d_ms"":""measured"",""host_prepare_ms"":""unavailable"",""load_ms"":""unavailable"",""mapped_remote_read_bytes"":""measured"",""overlap_wall_ms"":""measured"",""plan_build_ms"":""measured"",""query_total_ms"":""measured"",""resident_gpu_bytes"":""measured"",""resident_host_bytes"":""measured"",""resident_pinned_bytes"":""measured"",""session_setup_ms"":""measured"",""throughput_rows_per_second"":""measured"",""tune_ms"":""measured""}",1.0,,2,measured,unavailable,
2,v7-formal-sf10-resident,544dd301-4a11-44a2-b998-78c048672cf1,ok,,0,cpu-specialized,resident,10,ASIA,1994-01-01,0,True,32,1.0,0.0,0,process_tree,"{""sweep"":""threads""}","[""host_prepare_ms"",""load_ms""]",5,b1351a421ba8dcfd,"[{""nation"":""INDIA"",""revenue_1e4"":5368625879995},{""nation"":""CHINA"",""revenue_1e4"":5353508299282},{""nation"":""VIETNAM"",""revenue_1e4"":5322693887176},{""nation"":""JAPAN"",""revenue_1e4"":5267668371444},{""nation"":""INDONESIA"",""revenue_1e4"":5231768523189}]",expected_hash_match,,0.0,,0.0,51.442619,0.0,0.0,0.0,51.698179,4079.0648851543665,59986052,72985,59986052,0,0,0,0,2890575872,,1160312667.8794625,logs/cpu-specialized-t32.stdout.jsonl,logs/cpu-specialized-t32.stderr.txt,2026-07-14T07:01:22.941166Z,2026-07-14T07:01:27.020239Z,cpu-specialized-t32,9323b5db-fce4-48a9-9b21-58a55e51f997,resident,fixed,2894.463266,601.588226,0.0,2639842265,0,0,"{""cpu_scan_ms"":""measured"",""d2h_bytes"":""measured"",""d2h_ms"":""measured"",""dataset_load_ms"":""measured"",""gpu_kernel_ms"":""measured"",""h2d_bytes"":""measured"",""h2d_ms"":""measured"",""host_prepare_ms"":""unavailable"",""load_ms"":""unavailable"",""mapped_remote_read_bytes"":""measured"",""overlap_wall_ms"":""measured"",""plan_build_ms"":""measured"",""query_total_ms"":""measured"",""resident_gpu_bytes"":""measured"",""resident_host_bytes"":""measured"",""resident_pinned_bytes"":""measured"",""session_setup_ms"":""measured"",""throughput_rows_per_second"":""measured"",""tune_ms"":""measured""}",1.0,,0,measured,unavailable,
2,v7-formal-sf10-resident,43ab30c2-8a36-47fe-8726-584ba18ad054,ok,,0,cpu-specialized,resident,10,ASIA,1994-01-01,1,True,32,1.0,0.0,0,process_tree,"{""sweep"":""threads""}","[""host_prepare_ms"",""load_ms""]",5,b1351a421ba8dcfd,"[{""nation"":""INDIA"",""revenue_1e4"":5368625879995},{""nation"":""CHINA"",""revenue_1e4"":5353508299282},{""nation"":""VIETNAM"",""revenue_1e4"":5322693887176},{""nation"":""JAPAN"",""revenue_1e4"":5267668371444},{""nation"":""INDONESIA"",""revenue_1e4"":5231768523189}]",expected_hash_match,,0.0,,0.0,13.99923,0.0,0.0,0.0,14.358774,4079.0648851543665,59986052,72985,59986052,0,0,0,0,2890575872,,4177658343.2540965,logs/cpu-specialized-t32.stdout.jsonl,logs/cpu-specialized-t32.stderr.txt,2026-07-14T07:01:22.941166Z,2026-07-14T07:01:27.020239Z,cpu-specialized-t32,9323b5db-fce4-48a9-9b21-58a55e51f997,resident,fixed,2894.463266,601.588226,0.0,2639842265,0,0,"{""cpu_scan_ms"":""measured"",""d2h_bytes"":""measured"",""d2h_ms"":""measured"",""dataset_load_ms"":""measured"",""gpu_kernel_ms"":""measured"",""h2d_bytes"":""measured"",""h2d_ms"":""measured"",""host_prepare_ms"":""unavailable"",""load_ms"":""unavailable"",""mapped_remote_read_bytes"":""measured"",""overlap_wall_ms"":""measured"",""plan_build_ms"":""measured"",""query_total_ms"":""measured"",""resident_gpu_bytes"":""measured"",""resident_host_bytes"":""measured"",""resident_pinned_bytes"":""measured"",""session_setup_ms"":""measured"",""throughput_rows_per_second"":""measured"",""tune_ms"":""measured""}",1.0,,1,measured,unavailable,
2,v7-formal-sf10-resident,95522145-2591-49d2-a84e-37efd867fbf6,ok,,0,cpu-specialized,resident,10,ASIA,1994-01-01,2,True,32,1.0,0.0,0,process_tree,"{""sweep"":""threads""}","[""host_prepare_ms"",""load_ms""]",5,b1351a421ba8dcfd,"[{""nation"":""INDIA"",""revenue_1e4"":5368625879995},{""nation"":""CHINA"",""revenue_1e4"":5353508299282},{""nation"":""VIETNAM"",""revenue_1e4"":5322693887176},{""nation"":""JAPAN"",""revenue_1e4"":5267668371444},{""nation"":""INDONESIA"",""revenue_1e4"":5231768523189}]",expected_hash_match,,0.0,,0.0,14.104316,0.0,0.0,0.0,14.455548,4079.0648851543665,59986052,72985,59986052,0,0,0,0,2890575872,,4149690623.9735775,logs/cpu-specialized-t32.stdout.jsonl,logs/cpu-specialized-t32.stderr.txt,2026-07-14T07:01:22.941166Z,2026-07-14T07:01:27.020239Z,cpu-specialized-t32,9323b5db-fce4-48a9-9b21-58a55e51f997,resident,fixed,2894.463266,601.588226,0.0,2639842265,0,0,"{""cpu_scan_ms"":""measured"",""d2h_bytes"":""measured"",""d2h_ms"":""measured"",""dataset_load_ms"":""measured"",""gpu_kernel_ms"":""measured"",""h2d_bytes"":""measured"",""h2d_ms"":""measured"",""host_prepare_ms"":""unavailable"",""load_ms"":""unavailable"",""mapped_remote_read_bytes"":""measured"",""overlap_wall_ms"":""measured"",""plan_build_ms"":""measured"",""query_total_ms"":""measured"",""resident_gpu_bytes"":""measured"",""resident_host_bytes"":""measured"",""resident_pinned_bytes"":""measured"",""session_setup_ms"":""measured"",""throughput_rows_per_second"":""measured"",""tune_ms"":""measured""}",1.0,,2,measured,unavailable,
2,v7-formal-sf10-resident,6945405c-205d-4dc3-8f47-02058f87df1d,ok,,0,arrow-acero,resident,10,ASIA,1994-01-01,0,True,8,1.0,0.0,0,process_tree,"{""sweep"":""threads""}","[""host_prepare_ms"",""load_ms""]",5,b1351a421ba8dcfd,"[{""nation"":""INDIA"",""revenue_1e4"":5368625879995},{""nation"":""CHINA"",""revenue_1e4"":5353508299282},{""nation"":""VIETNAM"",""revenue_1e4"":5322693887176},{""nation"":""JAPAN"",""revenue_1e4"":5267668371444},{""nation"":""INDONESIA"",""revenue_1e4"":5231768523189}]",expected_hash_match,,2993.567293,,0.0,244.577902,0.0,0.0,0.0,3239.839981,45105.45006394386,59986052,72985,59986052,0,0,0,0,3630559232,,18515128.01613272,logs/arrow-acero-t08.stdout.jsonl,logs/arrow-acero-t08.stderr.txt,2026-07-14T07:01:27.022926Z,2026-07-14T07:02:12.128385Z,arrow-acero-t08,3c3e4d92-c40f-4c87-adf9-88bb82ce01a6,resident,fixed,2907.461788,0.10729,0.0,2592242759,0,0,"{""cpu_scan_ms"":""measured"",""d2h_bytes"":""measured"",""d2h_ms"":""measured"",""dataset_load_ms"":""measured"",""gpu_kernel_ms"":""measured"",""h2d_bytes"":""measured"",""h2d_ms"":""measured"",""host_prepare_ms"":""unavailable"",""load_ms"":""unavailable"",""mapped_remote_read_bytes"":""measured"",""overlap_wall_ms"":""measured"",""plan_build_ms"":""measured"",""query_total_ms"":""measured"",""resident_gpu_bytes"":""measured"",""resident_host_bytes"":""measured"",""resident_pinned_bytes"":""measured"",""session_setup_ms"":""measured"",""throughput_rows_per_second"":""measured"",""tune_ms"":""measured""}",1.0,,0,measured,unavailable,
2,v7-formal-sf10-resident,981fecb2-7e9e-484c-b840-4d612750dbbd,ok,,0,arrow-acero,resident,10,ASIA,1994-01-01,1,True,8,1.0,0.0,0,process_tree,"{""sweep"":""threads""}","[""host_prepare_ms"",""load_ms""]",5,b1351a421ba8dcfd,"[{""nation"":""INDIA"",""revenue_1e4"":5368625879995},{""nation"":""CHINA"",""revenue_1e4"":5353508299282},{""nation"":""VIETNAM"",""revenue_1e4"":5322693887176},{""nation"":""JAPAN"",""revenue_1e4"":5267668371444},{""nation"":""INDONESIA"",""revenue_1e4"":5231768523189}]",expected_hash_match,,2981.707002,,0.0,186.078058,0.0,0.0,0.0,3167.79138,45105.45006394386,59986052,72985,59986052,0,0,0,0,3630559232,,18936238.155935634,logs/arrow-acero-t08.stdout.jsonl,logs/arrow-acero-t08.stderr.txt,2026-07-14T07:01:27.022926Z,2026-07-14T07:02:12.128385Z,arrow-acero-t08,3c3e4d92-c40f-4c87-adf9-88bb82ce01a6,resident,fixed,2907.461788,0.10729,0.0,2592242759,0,0,"{""cpu_scan_ms"":""measured"",""d2h_bytes"":""measured"",""d2h_ms"":""measured"",""dataset_load_ms"":""measured"",""gpu_kernel_ms"":""measured"",""h2d_bytes"":""measured"",""h2d_ms"":""measured"",""host_prepare_ms"":""unavailable"",""load_ms"":""unavailable"",""mapped_remote_read_bytes"":""measured"",""overlap_wall_ms"":""measured"",""plan_build_ms"":""measured"",""query_total_ms"":""measured"",""resident_gpu_bytes"":""measured"",""resident_host_bytes"":""measured"",""resident_pinned_bytes"":""measured"",""session_setup_ms"":""measured"",""throughput_rows_per_second"":""measured"",""tune_ms"":""measured""}",1.0,,1,measured,unavailable,
2,v7-formal-sf10-resident,b3e992e3-bc50-4635-9bfe-a17670bd0388,ok,,0,arrow-acero,resident,10,ASIA,1994-01-01,2,True,8,1.0,0.0,0,process_tree,"{""sweep"":""threads""}","[""host_prepare_ms"",""load_ms""]",5,b1351a421ba8dcfd,"[{""nation"":""INDIA"",""revenue_1e4"":5368625879995},{""nation"":""CHINA"",""revenue_1e4"":5353508299282},{""nation"":""VIETNAM"",""revenue_1e4"":5322693887176},{""nation"":""JAPAN"",""revenue_1e4"":5267668371444},{""nation"":""INDONESIA"",""revenue_1e4"":5231768523189}]",expected_hash_match,,3041.925488,,0.0,210.690848,0.0,0.0,0.0,3252.622605,45105.45006394386,59986052,72985,59986052,0,0,0,0,3630559232,,18442364.603808686,logs/arrow-acero-t08.stdout.jsonl,logs/arrow-acero-t08.stderr.txt,2026-07-14T07:01:27.022926Z,2026-07-14T07:02:12.128385Z,arrow-acero-t08,3c3e4d92-c40f-4c87-adf9-88bb82ce01a6,resident,fixed,2907.461788,0.10729,0.0,2592242759,0,0,"{""cpu_scan_ms"":""measured"",""d2h_bytes"":""measured"",""d2h_ms"":""measured"",""dataset_load_ms"":""measured"",""gpu_kernel_ms"":""measured"",""h2d_bytes"":""measured"",""h2d_ms"":""measured"",""host_prepare_ms"":""unavailable"",""load_ms"":""unavailable"",""mapped_remote_read_bytes"":""measured"",""overlap_wall_ms"":""measured"",""plan_build_ms"":""measured"",""query_total_ms"":""measured"",""resident_gpu_bytes"":""measured"",""resident_host_bytes"":""measured"",""resident_pinned_bytes"":""measured"",""session_setup_ms"":""measured"",""throughput_rows_per_second"":""measured"",""tune_ms"":""measured""}",1.0,,2,measured,unavailable,
2,v7-formal-sf10-resident,73525615-e674-411a-8efd-a9bf0a149a55,ok,,0,arrow-acero,resident,10,ASIA,1994-01-01,0,True,16,1.0,0.0,0,process_tree,"{""sweep"":""threads""}","[""host_prepare_ms"",""load_ms""]",5,b1351a421ba8dcfd,"[{""nation"":""INDIA"",""revenue_1e4"":5368625879995},{""nation"":""CHINA"",""revenue_1e4"":5353508299282},{""nation"":""VIETNAM"",""revenue_1e4"":5322693887176},{""nation"":""JAPAN"",""revenue_1e4"":5267668371444},{""nation"":""INDONESIA"",""revenue_1e4"":5231768523189}]",expected_hash_match,,3026.295078,,0.0,160.66387,0.0,0.0,0.0,3188.73818,44585.362639743835,59986052,72985,59986052,0,0,0,0,3604328448,,18811846.13281734,logs/arrow-acero-t16.stdout.jsonl,logs/arrow-acero-t16.stderr.txt,2026-07-14T07:02:12.131114Z,2026-07-14T07:02:56.716487Z,arrow-acero-t16,bc83850f-56ac-4cbd-a587-6af678a5ee06,resident,fixed,2911.394155,0.111025,0.0,2592242759,0,0,"{""cpu_scan_ms"":""measured"",""d2h_bytes"":""measured"",""d2h_ms"":""measured"",""dataset_load_ms"":""measured"",""gpu_kernel_ms"":""measured"",""h2d_bytes"":""measured"",""h2d_ms"":""measured"",""host_prepare_ms"":""unavailable"",""load_ms"":""unavailable"",""mapped_remote_read_bytes"":""measured"",""overlap_wall_ms"":""measured"",""plan_build_ms"":""measured"",""query_total_ms"":""measured"",""resident_gpu_bytes"":""measured"",""resident_host_bytes"":""measured"",""resident_pinned_bytes"":""measured"",""session_setup_ms"":""measured"",""throughput_rows_per_second"":""measured"",""tune_ms"":""measured""}",1.0,,0,measured,unavailable,
2,v7-formal-sf10-resident,ad117d88-4d06-4b88-a446-1f62194b51b7,ok,,0,arrow-acero,resident,10,ASIA,1994-01-01,1,True,16,1.0,0.0,0,process_tree,"{""sweep"":""threads""}","[""host_prepare_ms"",""load_ms""]",5,b1351a421ba8dcfd,"[{""nation"":""INDIA"",""revenue_1e4"":5368625879995},{""nation"":""CHINA"",""revenue_1e4"":5353508299282},{""nation"":""VIETNAM"",""revenue_1e4"":5322693887176},{""nation"":""JAPAN"",""revenue_1e4"":5267668371444},{""nation"":""INDONESIA"",""revenue_1e4"":5231768523189}]",expected_hash_match,,3006.569362,,0.0,113.391789,0.0,0.0,0.0,3119.96689,44585.362639743835,59986052,72985,59986052,0,0,0,0,3604328448,,19226502.753046844,logs/arrow-acero-t16.stdout.jsonl,logs/arrow-acero-t16.stderr.txt,2026-07-14T07:02:12.131114Z,2026-07-14T07:02:56.716487Z,arrow-acero-t16,bc83850f-56ac-4cbd-a587-6af678a5ee06,resident,fixed,2911.394155,0.111025,0.0,2592242759,0,0,"{""cpu_scan_ms"":""measured"",""d2h_bytes"":""measured"",""d2h_ms"":""measured"",""dataset_load_ms"":""measured"",""gpu_kernel_ms"":""measured"",""h2d_bytes"":""measured"",""h2d_ms"":""measured"",""host_prepare_ms"":""unavailable"",""load_ms"":""unavailable"",""mapped_remote_read_bytes"":""measured"",""overlap_wall_ms"":""measured"",""plan_build_ms"":""measured"",""query_total_ms"":""measured"",""resident_gpu_bytes"":""measured"",""resident_host_bytes"":""measured"",""resident_pinned_bytes"":""measured"",""session_setup_ms"":""measured"",""throughput_rows_per_second"":""measured"",""tune_ms"":""measured""}",1.0,,1,measured,unavailable,
2,v7-formal-sf10-resident,a62cedcd-eb66-461d-898f-71e9d02500e0,ok,,0,arrow-acero,resident,10,ASIA,1994-01-01,2,True,16,1.0,0.0,0,process_tree,"{""sweep"":""threads""}","[""host_prepare_ms"",""load_ms""]",5,b1351a421ba8dcfd,"[{""nation"":""INDIA"",""revenue_1e4"":5368625879995},{""nation"":""CHINA"",""revenue_1e4"":5353508299282},{""nation"":""VIETNAM"",""revenue_1e4"":5322693887176},{""nation"":""JAPAN"",""revenue_1e4"":5267668371444},{""nation"":""INDONESIA"",""revenue_1e4"":5231768523189}]",expected_hash_match,,3035.270294,,0.0,142.364487,0.0,0.0,0.0,3177.640879,44585.362639743835,59986052,72985,59986052,0,0,0,0,3604328448,,18877542.895557646,logs/arrow-acero-t16.stdout.jsonl,logs/arrow-acero-t16.stderr.txt,2026-07-14T07:02:12.131114Z,2026-07-14T07:02:56.716487Z,arrow-acero-t16,bc83850f-56ac-4cbd-a587-6af678a5ee06,resident,fixed,2911.394155,0.111025,0.0,2592242759,0,0,"{""cpu_scan_ms"":""measured"",""d2h_bytes"":""measured"",""d2h_ms"":""measured"",""dataset_load_ms"":""measured"",""gpu_kernel_ms"":""measured"",""h2d_bytes"":""measured"",""h2d_ms"":""measured"",""host_prepare_ms"":""unavailable"",""load_ms"":""unavailable"",""mapped_remote_read_bytes"":""measured"",""overlap_wall_ms"":""measured"",""plan_build_ms"":""measured"",""query_total_ms"":""measured"",""resident_gpu_bytes"":""measured"",""resident_host_bytes"":""measured"",""resident_pinned_bytes"":""measured"",""session_setup_ms"":""measured"",""throughput_rows_per_second"":""measured"",""tune_ms"":""measured""}",1.0,,2,measured,unavailable,
2,v7-formal-sf10-resident,0fe48a88-2c2e-4e48-a69a-2da2c0cb6494,ok,,0,arrow-acero,resident,10,ASIA,1994-01-01,0,True,32,1.0,0.0,0,process_tree,"{""sweep"":""threads""}","[""host_prepare_ms"",""load_ms""]",5,b1351a421ba8dcfd,"[{""nation"":""INDIA"",""revenue_1e4"":5368625879995},{""nation"":""CHINA"",""revenue_1e4"":5353508299282},{""nation"":""VIETNAM"",""revenue_1e4"":5322693887176},{""nation"":""JAPAN"",""revenue_1e4"":5267668371444},{""nation"":""INDONESIA"",""revenue_1e4"":5231768523189}]",expected_hash_match,,3027.758171,,0.0,122.839582,0.0,0.0,0.0,3152.408021,44164.929788094014,59986052,72985,59986052,0,0,0,0,3718721536,,19028644.64257116,logs/arrow-acero-t32.stdout.jsonl,logs/arrow-acero-t32.stderr.txt,2026-07-14T07:02:56.719289Z,2026-07-14T07:03:40.884270Z,arrow-acero-t32,3e8e8ea0-e46e-40a6-99de-e0925854f769,resident,fixed,2820.848699,0.107049,0.0,2592242759,0,0,"{""cpu_scan_ms"":""measured"",""d2h_bytes"":""measured"",""d2h_ms"":""measured"",""dataset_load_ms"":""measured"",""gpu_kernel_ms"":""measured"",""h2d_bytes"":""measured"",""h2d_ms"":""measured"",""host_prepare_ms"":""unavailable"",""load_ms"":""unavailable"",""mapped_remote_read_bytes"":""measured"",""overlap_wall_ms"":""measured"",""plan_build_ms"":""measured"",""query_total_ms"":""measured"",""resident_gpu_bytes"":""measured"",""resident_host_bytes"":""measured"",""resident_pinned_bytes"":""measured"",""session_setup_ms"":""measured"",""throughput_rows_per_second"":""measured"",""tune_ms"":""measured""}",1.0,,0,measured,unavailable,
2,v7-formal-sf10-resident,1a3fcb40-9009-4fa6-a241-fa5527158372,ok,,0,arrow-acero,resident,10,ASIA,1994-01-01,1,True,32,1.0,0.0,0,process_tree,"{""sweep"":""threads""}","[""host_prepare_ms"",""load_ms""]",5,b1351a421ba8dcfd,"[{""nation"":""INDIA"",""revenue_1e4"":5368625879995},{""nation"":""CHINA"",""revenue_1e4"":5353508299282},{""nation"":""VIETNAM"",""revenue_1e4"":5322693887176},{""nation"":""JAPAN"",""revenue_1e4"":5267668371444},{""nation"":""INDONESIA"",""revenue_1e4"":5231768523189}]",expected_hash_match,,2996.699128,,0.0,78.822643,0.0,0.0,0.0,3075.526098,44164.929788094014,59986052,72985,59986052,0,0,0,0,3718721536,,19504322.216289643,logs/arrow-acero-t32.stdout.jsonl,logs/arrow-acero-t32.stderr.txt,2026-07-14T07:02:56.719289Z,2026-07-14T07:03:40.884270Z,arrow-acero-t32,3e8e8ea0-e46e-40a6-99de-e0925854f769,resident,fixed,2820.848699,0.107049,0.0,2592242759,0,0,"{""cpu_scan_ms"":""measured"",""d2h_bytes"":""measured"",""d2h_ms"":""measured"",""dataset_load_ms"":""measured"",""gpu_kernel_ms"":""measured"",""h2d_bytes"":""measured"",""h2d_ms"":""measured"",""host_prepare_ms"":""unavailable"",""load_ms"":""unavailable"",""mapped_remote_read_bytes"":""measured"",""overlap_wall_ms"":""measured"",""plan_build_ms"":""measured"",""query_total_ms"":""measured"",""resident_gpu_bytes"":""measured"",""resident_host_bytes"":""measured"",""resident_pinned_bytes"":""measured"",""session_setup_ms"":""measured"",""throughput_rows_per_second"":""measured"",""tune_ms"":""measured""}",1.0,,1,measured,unavailable,
2,v7-formal-sf10-resident,878878cc-13f7-40a9-8135-58f72acff05a,ok,,0,arrow-acero,resident,10,ASIA,1994-01-01,2,True,32,1.0,0.0,0,process_tree,"{""sweep"":""threads""}","[""host_prepare_ms"",""load_ms""]",5,b1351a421ba8dcfd,"[{""nation"":""INDIA"",""revenue_1e4"":5368625879995},{""nation"":""CHINA"",""revenue_1e4"":5353508299282},{""nation"":""VIETNAM"",""revenue_1e4"":5322693887176},{""nation"":""JAPAN"",""revenue_1e4"":5267668371444},{""nation"":""INDONESIA"",""revenue_1e4"":5231768523189}]",expected_hash_match,,3006.291187,,0.0,103.916736,0.0,0.0,0.0,3110.21263,44164.929788094014,59986052,72985,59986052,0,0,0,0,3718721536,,19286800.979905993,logs/arrow-acero-t32.stdout.jsonl,logs/arrow-acero-t32.stderr.txt,2026-07-14T07:02:56.719289Z,2026-07-14T07:03:40.884270Z,arrow-acero-t32,3e8e8ea0-e46e-40a6-99de-e0925854f769,resident,fixed,2820.848699,0.107049,0.0,2592242759,0,0,"{""cpu_scan_ms"":""measured"",""d2h_bytes"":""measured"",""d2h_ms"":""measured"",""dataset_load_ms"":""measured"",""gpu_kernel_ms"":""measured"",""h2d_bytes"":""measured"",""h2d_ms"":""measured"",""host_prepare_ms"":""unavailable"",""load_ms"":""unavailable"",""mapped_remote_read_bytes"":""measured"",""overlap_wall_ms"":""measured"",""plan_build_ms"":""measured"",""query_total_ms"":""measured"",""resident_gpu_bytes"":""measured"",""resident_host_bytes"":""measured"",""resident_pinned_bytes"":""measured"",""session_setup_ms"":""measured"",""throughput_rows_per_second"":""measured"",""tune_ms"":""measured""}",1.0,,2,measured,unavailable,
2,v7-formal-sf10-resident,316de785-0624-4888-b9ac-386434bb823c,ok,,0,gpu-copy,resident,10,ASIA,1994-01-01,0,True,1,0.0,1.0,0,process_tree,"{""memory_mode"":""copy""}","[""host_prepare_ms"",""load_ms""]",5,b1351a421ba8dcfd,"[{""nation"":""INDIA"",""revenue_1e4"":5368625879995},{""nation"":""CHINA"",""revenue_1e4"":5353508299282},{""nation"":""VIETNAM"",""revenue_1e4"":5322693887176},{""nation"":""JAPAN"",""revenue_1e4"":5267668371444},{""nation"":""INDONESIA"",""revenue_1e4"":5231768523189}]",expected_hash_match,,0.0,,0.0,0.0,15.45798397064209,0.04281599819660187,0.0,15.526298,5707.23005477339,59986052,72985,0,59986052,0,212,0,4173279232,,3863512860.5672774,logs/gpu-copy.stdout.jsonl,logs/gpu-copy.stderr.txt,2026-07-14T07:03:40.889258Z,2026-07-14T07:03:46.596496Z,gpu-copy,51b79dbb-7a4b-4aae-a04e-6cc0c35103f2,resident,fixed,2835.281304,2081.013884,0.0,1440121437,1440121260,0,"{""cpu_scan_ms"":""measured"",""d2h_bytes"":""measured"",""d2h_ms"":""measured"",""dataset_load_ms"":""measured"",""gpu_kernel_ms"":""measured"",""h2d_bytes"":""measured"",""h2d_ms"":""measured"",""host_prepare_ms"":""unavailable"",""load_ms"":""unavailable"",""mapped_remote_read_bytes"":""measured"",""overlap_wall_ms"":""measured"",""plan_build_ms"":""measured"",""query_total_ms"":""measured"",""resident_gpu_bytes"":""measured"",""resident_host_bytes"":""measured"",""resident_pinned_bytes"":""measured"",""session_setup_ms"":""measured"",""throughput_rows_per_second"":""measured"",""tune_ms"":""measured""}",0.0,,0,measured,unavailable,
2,v7-formal-sf10-resident,a38ab95b-9563-4915-b3da-c1b8b002da52,ok,,0,gpu-copy,resident,10,ASIA,1994-01-01,1,True,1,0.0,1.0,0,process_tree,"{""memory_mode"":""copy""}","[""host_prepare_ms"",""load_ms""]",5,b1351a421ba8dcfd,"[{""nation"":""INDIA"",""revenue_1e4"":5368625879995},{""nation"":""CHINA"",""revenue_1e4"":5353508299282},{""nation"":""VIETNAM"",""revenue_1e4"":5322693887176},{""nation"":""JAPAN"",""revenue_1e4"":5267668371444},{""nation"":""INDONESIA"",""revenue_1e4"":5231768523189}]",expected_hash_match,,0.0,,0.0,0.0,15.442943572998047,0.020608000457286835,0.0,15.493048,5707.23005477339,59986052,72985,0,59986052,0,212,0,4173279232,,3871804437.706512,logs/gpu-copy.stdout.jsonl,logs/gpu-copy.stderr.txt,2026-07-14T07:03:40.889258Z,2026-07-14T07:03:46.596496Z,gpu-copy,51b79dbb-7a4b-4aae-a04e-6cc0c35103f2,resident,fixed,2835.281304,2081.013884,0.0,1440121437,1440121260,0,"{""cpu_scan_ms"":""measured"",""d2h_bytes"":""measured"",""d2h_ms"":""measured"",""dataset_load_ms"":""measured"",""gpu_kernel_ms"":""measured"",""h2d_bytes"":""measured"",""h2d_ms"":""measured"",""host_prepare_ms"":""unavailable"",""load_ms"":""unavailable"",""mapped_remote_read_bytes"":""measured"",""overlap_wall_ms"":""measured"",""plan_build_ms"":""measured"",""query_total_ms"":""measured"",""resident_gpu_bytes"":""measured"",""resident_host_bytes"":""measured"",""resident_pinned_bytes"":""measured"",""session_setup_ms"":""measured"",""throughput_rows_per_second"":""measured"",""tune_ms"":""measured""}",0.0,,1,measured,unavailable,
2,v7-formal-sf10-resident,ed8efbe8-2e45-46ca-9363-21c68b463cc0,ok,,0,gpu-copy,resident,10,ASIA,1994-01-01,2,True,1,0.0,1.0,0,process_tree,"{""memory_mode"":""copy""}","[""host_prepare_ms"",""load_ms""]",5,b1351a421ba8dcfd,"[{""nation"":""INDIA"",""revenue_1e4"":5368625879995},{""nation"":""CHINA"",""revenue_1e4"":5353508299282},{""nation"":""VIETNAM"",""revenue_1e4"":5322693887176},{""nation"":""JAPAN"",""revenue_1e4"":5267668371444},{""nation"":""INDONESIA"",""revenue_1e4"":5231768523189}]",expected_hash_match,,0.0,,0.0,0.0,15.331328392028809,0.020416000857949257,0.0,15.375464,5707.23005477339,59986052,72985,0,59986052,0,212,0,4173279232,,3901414097.161556,logs/gpu-copy.stdout.jsonl,logs/gpu-copy.stderr.txt,2026-07-14T07:03:40.889258Z,2026-07-14T07:03:46.596496Z,gpu-copy,51b79dbb-7a4b-4aae-a04e-6cc0c35103f2,resident,fixed,2835.281304,2081.013884,0.0,1440121437,1440121260,0,"{""cpu_scan_ms"":""measured"",""d2h_bytes"":""measured"",""d2h_ms"":""measured"",""dataset_load_ms"":""measured"",""gpu_kernel_ms"":""measured"",""h2d_bytes"":""measured"",""h2d_ms"":""measured"",""host_prepare_ms"":""unavailable"",""load_ms"":""unavailable"",""mapped_remote_read_bytes"":""measured"",""overlap_wall_ms"":""measured"",""plan_build_ms"":""measured"",""query_total_ms"":""measured"",""resident_gpu_bytes"":""measured"",""resident_host_bytes"":""measured"",""resident_pinned_bytes"":""measured"",""session_setup_ms"":""measured"",""throughput_rows_per_second"":""measured"",""tune_ms"":""measured""}",0.0,,2,measured,unavailable,
2,v7-formal-sf10-resident,6628c16d-85fb-4f33-89a7-1dc7a376790a,ok,,0,gpu-managed,resident,10,ASIA,1994-01-01,0,True,1,0.0,1.0,0,process_tree,"{""memory_mode"":""managed""}","[""host_prepare_ms"",""load_ms""]",5,b1351a421ba8dcfd,"[{""nation"":""INDIA"",""revenue_1e4"":5368625879995},{""nation"":""CHINA"",""revenue_1e4"":5353508299282},{""nation"":""VIETNAM"",""revenue_1e4"":5322693887176},{""nation"":""JAPAN"",""revenue_1e4"":5267668371444},{""nation"":""INDONESIA"",""revenue_1e4"":5231768523189}]",expected_hash_match,,0.0,,0.385888010263443,0.0,16.119808197021484,0.12800000607967377,0.0,16.701283,6179.580318275839,59986052,72985,0,59986052,212,212,0,5214797824,,3591703224.2373238,logs/gpu-managed.stdout.jsonl,logs/gpu-managed.stderr.txt,2026-07-14T07:03:46.599309Z,2026-07-14T07:03:52.778899Z,gpu-managed,5b9255e3-ff90-4b47-80d4-568901e71edd,resident,fixed,2833.084614,2507.994737,0.0,1440121437,1440121260,0,"{""cpu_scan_ms"":""measured"",""d2h_bytes"":""measured"",""d2h_ms"":""measured"",""dataset_load_ms"":""measured"",""gpu_kernel_ms"":""measured"",""h2d_bytes"":""measured"",""h2d_ms"":""measured"",""host_prepare_ms"":""unavailable"",""load_ms"":""unavailable"",""mapped_remote_read_bytes"":""measured"",""overlap_wall_ms"":""measured"",""plan_build_ms"":""measured"",""query_total_ms"":""measured"",""resident_gpu_bytes"":""measured"",""resident_host_bytes"":""measured"",""resident_pinned_bytes"":""measured"",""session_setup_ms"":""measured"",""throughput_rows_per_second"":""measured"",""tune_ms"":""measured""}",0.0,,0,measured,unavailable,
2,v7-formal-sf10-resident,03febcaa-2901-49c5-b51e-83f619025282,ok,,0,gpu-managed,resident,10,ASIA,1994-01-01,1,True,1,0.0,1.0,0,process_tree,"{""memory_mode"":""managed""}","[""host_prepare_ms"",""load_ms""]",5,b1351a421ba8dcfd,"[{""nation"":""INDIA"",""revenue_1e4"":5368625879995},{""nation"":""CHINA"",""revenue_1e4"":5353508299282},{""nation"":""VIETNAM"",""revenue_1e4"":5322693887176},{""nation"":""JAPAN"",""revenue_1e4"":5267668371444},{""nation"":""INDONESIA"",""revenue_1e4"":5231768523189}]",expected_hash_match,,0.0,,0.10627199709415436,0.0,15.765503883361816,0.1096000000834465,0.0,16.011178,6179.580318275839,59986052,72985,0,59986052,212,212,0,5214797824,,3746510843.8617067,logs/gpu-managed.stdout.jsonl,logs/gpu-managed.stderr.txt,2026-07-14T07:03:46.599309Z,2026-07-14T07:03:52.778899Z,gpu-managed,5b9255e3-ff90-4b47-80d4-568901e71edd,resident,fixed,2833.084614,2507.994737,0.0,1440121437,1440121260,0,"{""cpu_scan_ms"":""measured"",""d2h_bytes"":""measured"",""d2h_ms"":""measured"",""dataset_load_ms"":""measured"",""gpu_kernel_ms"":""measured"",""h2d_bytes"":""measured"",""h2d_ms"":""measured"",""host_prepare_ms"":""unavailable"",""load_ms"":""unavailable"",""mapped_remote_read_bytes"":""measured"",""overlap_wall_ms"":""measured"",""plan_build_ms"":""measured"",""query_total_ms"":""measured"",""resident_gpu_bytes"":""measured"",""resident_host_bytes"":""measured"",""resident_pinned_bytes"":""measured"",""session_setup_ms"":""measured"",""throughput_rows_per_second"":""measured"",""tune_ms"":""measured""}",0.0,,1,measured,unavailable,
2,v7-formal-sf10-resident,498ef780-d16a-4296-ac48-6c8acfe11b2f,ok,,0,gpu-managed,resident,10,ASIA,1994-01-01,2,True,1,0.0,1.0,0,process_tree,"{""memory_mode"":""managed""}","[""host_prepare_ms"",""load_ms""]",5,b1351a421ba8dcfd,"[{""nation"":""INDIA"",""revenue_1e4"":5368625879995},{""nation"":""CHINA"",""revenue_1e4"":5353508299282},{""nation"":""VIETNAM"",""revenue_1e4"":5322693887176},{""nation"":""JAPAN"",""revenue_1e4"":5267668371444},{""nation"":""INDONESIA"",""revenue_1e4"":5231768523189}]",expected_hash_match,,0.0,,0.09523200243711472,0.0,15.850303649902344,0.12598399817943573,0.0,16.102023,6179.580318275839,59986052,72985,0,59986052,212,212,0,5214797824,,3725373637.834203,logs/gpu-managed.stdout.jsonl,logs/gpu-managed.stderr.txt,2026-07-14T07:03:46.599309Z,2026-07-14T07:03:52.778899Z,gpu-managed,5b9255e3-ff90-4b47-80d4-568901e71edd,resident,fixed,2833.084614,2507.994737,0.0,1440121437,1440121260,0,"{""cpu_scan_ms"":""measured"",""d2h_bytes"":""measured"",""d2h_ms"":""measured"",""dataset_load_ms"":""measured"",""gpu_kernel_ms"":""measured"",""h2d_bytes"":""measured"",""h2d_ms"":""measured"",""host_prepare_ms"":""unavailable"",""load_ms"":""unavailable"",""mapped_remote_read_bytes"":""measured"",""overlap_wall_ms"":""measured"",""plan_build_ms"":""measured"",""query_total_ms"":""measured"",""resident_gpu_bytes"":""measured"",""resident_host_bytes"":""measured"",""resident_pinned_bytes"":""measured"",""session_setup_ms"":""measured"",""throughput_rows_per_second"":""measured"",""tune_ms"":""measured""}",0.0,,2,measured,unavailable,
2,v7-formal-sf10-resident,0dc06021-2955-4f3a-9417-575d74f1b143,ok,,0,gpu-mapped,resident,10,ASIA,1994-01-01,0,True,1,0.0,1.0,0,process_tree,"{""memory_mode"":""mapped""}","[""host_prepare_ms"",""load_ms""]",5,b1351a421ba8dcfd,"[{""nation"":""INDIA"",""revenue_1e4"":5368625879995},{""nation"":""CHINA"",""revenue_1e4"":5353508299282},{""nation"":""VIETNAM"",""revenue_1e4"":5322693887176},{""nation"":""JAPAN"",""revenue_1e4"":5267668371444},{""nation"":""INDONESIA"",""revenue_1e4"":5231768523189}]",expected_hash_match,,0.0,,0.0,0.0,130.5497589111328,0.07187200337648392,0.0,358.458388,11115.349852945656,59986052,72985,0,59986052,0,212,960652652,5615075328,,167344534.2838511,logs/gpu-mapped.stdout.jsonl,logs/gpu-mapped.stderr.txt,2026-07-14T07:03:52.781718Z,2026-07-14T07:04:03.897079Z,gpu-mapped,26559175-408c-411b-a2bb-1aca6367bc20,resident,fixed,2826.781089,2795.604292,0.0,1440121437,212,1440121048,"{""cpu_scan_ms"":""measured"",""d2h_bytes"":""measured"",""d2h_ms"":""measured"",""dataset_load_ms"":""measured"",""gpu_kernel_ms"":""measured"",""h2d_bytes"":""measured"",""h2d_ms"":""measured"",""host_prepare_ms"":""unavailable"",""load_ms"":""unavailable"",""mapped_remote_read_bytes"":""measured"",""overlap_wall_ms"":""measured"",""plan_build_ms"":""measured"",""query_total_ms"":""measured"",""resident_gpu_bytes"":""measured"",""resident_host_bytes"":""measured"",""resident_pinned_bytes"":""measured"",""session_setup_ms"":""measured"",""throughput_rows_per_second"":""measured"",""tune_ms"":""measured""}",0.0,,0,measured,unavailable,
2,v7-formal-sf10-resident,af7eb4d9-fb18-4ec5-96de-3fdefef0ceaa,ok,,0,gpu-mapped,resident,10,ASIA,1994-01-01,1,True,1,0.0,1.0,0,process_tree,"{""memory_mode"":""mapped""}","[""host_prepare_ms"",""load_ms""]",5,b1351a421ba8dcfd,"[{""nation"":""INDIA"",""revenue_1e4"":5368625879995},{""nation"":""CHINA"",""revenue_1e4"":5353508299282},{""nation"":""VIETNAM"",""revenue_1e4"":5322693887176},{""nation"":""JAPAN"",""revenue_1e4"":5267668371444},{""nation"":""INDONESIA"",""revenue_1e4"":5231768523189}]",expected_hash_match,,0.0,,0.0,0.0,130.46578979492188,0.03471999987959862,0.0,358.636984,11115.349852945656,59986052,72985,0,59986052,0,212,960652652,5615075328,,167261199.1405772,logs/gpu-mapped.stdout.jsonl,logs/gpu-mapped.stderr.txt,2026-07-14T07:03:52.781718Z,2026-07-14T07:04:03.897079Z,gpu-mapped,26559175-408c-411b-a2bb-1aca6367bc20,resident,fixed,2826.781089,2795.604292,0.0,1440121437,212,1440121048,"{""cpu_scan_ms"":""measured"",""d2h_bytes"":""measured"",""d2h_ms"":""measured"",""dataset_load_ms"":""measured"",""gpu_kernel_ms"":""measured"",""h2d_bytes"":""measured"",""h2d_ms"":""measured"",""host_prepare_ms"":""unavailable"",""load_ms"":""unavailable"",""mapped_remote_read_bytes"":""measured"",""overlap_wall_ms"":""measured"",""plan_build_ms"":""measured"",""query_total_ms"":""measured"",""resident_gpu_bytes"":""measured"",""resident_host_bytes"":""measured"",""resident_pinned_bytes"":""measured"",""session_setup_ms"":""measured"",""throughput_rows_per_second"":""measured"",""tune_ms"":""measured""}",0.0,,1,measured,unavailable,
2,v7-formal-sf10-resident,d4e0cbbd-aa57-43aa-a49d-2274412a9d66,ok,,0,gpu-mapped,resident,10,ASIA,1994-01-01,2,True,1,0.0,1.0,0,process_tree,"{""memory_mode"":""mapped""}","[""host_prepare_ms"",""load_ms""]",5,b1351a421ba8dcfd,"[{""nation"":""INDIA"",""revenue_1e4"":5368625879995},{""nation"":""CHINA"",""revenue_1e4"":5353508299282},{""nation"":""VIETNAM"",""revenue_1e4"":5322693887176},{""nation"":""JAPAN"",""revenue_1e4"":5267668371444},{""nation"":""INDONESIA"",""revenue_1e4"":5231768523189}]",expected_hash_match,,0.0,,0.0,0.0,130.4279022216797,0.03440000116825104,0.0,358.342107,11115.349852945656,59986052,72985,0,59986052,0,212,960652652,5615075328,,167398837.11182174,logs/gpu-mapped.stdout.jsonl,logs/gpu-mapped.stderr.txt,2026-07-14T07:03:52.781718Z,2026-07-14T07:04:03.897079Z,gpu-mapped,26559175-408c-411b-a2bb-1aca6367bc20,resident,fixed,2826.781089,2795.604292,0.0,1440121437,212,1440121048,"{""cpu_scan_ms"":""measured"",""d2h_bytes"":""measured"",""d2h_ms"":""measured"",""dataset_load_ms"":""measured"",""gpu_kernel_ms"":""measured"",""h2d_bytes"":""measured"",""h2d_ms"":""measured"",""host_prepare_ms"":""unavailable"",""load_ms"":""unavailable"",""mapped_remote_read_bytes"":""measured"",""overlap_wall_ms"":""measured"",""plan_build_ms"":""measured"",""query_total_ms"":""measured"",""resident_gpu_bytes"":""measured"",""resident_host_bytes"":""measured"",""resident_pinned_bytes"":""measured"",""session_setup_ms"":""measured"",""throughput_rows_per_second"":""measured"",""tune_ms"":""measured""}",0.0,,2,measured,unavailable,
2,v7-formal-sf10-resident,f0c015f2-5336-49c1-b2fc-854ffabd5e96,ok,,0,cudf,resident,10,ASIA,1994-01-01,0,True,1,0.0,1.0,0,process_tree,"{""framework"":""cudf""}","[""cpu_scan_ms"",""d2h_bytes"",""d2h_ms"",""gpu_kernel_ms"",""h2d_bytes"",""h2d_ms"",""host_prepare_ms"",""load_ms"",""mapped_remote_read_bytes"",""overlap_wall_ms"",""plan_build_ms""]",5,b1351a421ba8dcfd,"[{""nation"":""INDIA"",""revenue_1e4"":5368625879995},{""nation"":""CHINA"",""revenue_1e4"":5353508299282},{""nation"":""VIETNAM"",""revenue_1e4"":5322693887176},{""nation"":""JAPAN"",""revenue_1e4"":5267668371444},{""nation"":""INDONESIA"",""revenue_1e4"":5231768523189}]",expected_hash_match,,,,,,,,,76.49959670379758,12018.289802130312,59986052,72985,0,59986052,,,,5763895296,,784135532.5344112,logs/cudf.stdout.jsonl,logs/cudf.stderr.txt,2026-07-14T07:04:03.899908Z,2026-07-14T07:04:15.918207Z,cudf,4bea3537-6fd4-4e2e-8725-7a3fc01a2fc0,resident,fixed,8523.075194098055,557.3238865472376,0.0,0,1452521599,0,"{""cpu_scan_ms"":""unavailable"",""d2h_bytes"":""unavailable"",""d2h_ms"":""unavailable"",""dataset_load_ms"":""measured"",""gpu_kernel_ms"":""unavailable"",""h2d_bytes"":""unavailable"",""h2d_ms"":""unavailable"",""host_prepare_ms"":""unavailable"",""load_ms"":""unavailable"",""mapped_remote_read_bytes"":""unavailable"",""overlap_wall_ms"":""unavailable"",""plan_build_ms"":""unavailable"",""query_total_ms"":""measured"",""resident_gpu_bytes"":""measured"",""resident_host_bytes"":""measured"",""resident_pinned_bytes"":""measured"",""session_setup_ms"":""measured"",""throughput_rows_per_second"":""measured"",""tune_ms"":""measured""}",0.0,,0,measured,unavailable,
2,v7-formal-sf10-resident,355c59c1-04e2-40f4-83db-9caf08a7714f,ok,,0,cudf,resident,10,ASIA,1994-01-01,1,True,1,0.0,1.0,0,process_tree,"{""framework"":""cudf""}","[""cpu_scan_ms"",""d2h_bytes"",""d2h_ms"",""gpu_kernel_ms"",""h2d_bytes"",""h2d_ms"",""host_prepare_ms"",""load_ms"",""mapped_remote_read_bytes"",""overlap_wall_ms"",""plan_build_ms""]",5,b1351a421ba8dcfd,"[{""nation"":""INDIA"",""revenue_1e4"":5368625879995},{""nation"":""CHINA"",""revenue_1e4"":5353508299282},{""nation"":""VIETNAM"",""revenue_1e4"":5322693887176},{""nation"":""JAPAN"",""revenue_1e4"":5267668371444},{""nation"":""INDONESIA"",""revenue_1e4"":5231768523189}]",expected_hash_match,,,,,,,,,29.062602669000626,12018.289802130312,59986052,72985,0,59986052,,,,5763895296,,2064028906.261159,logs/cudf.stdout.jsonl,logs/cudf.stderr.txt,2026-07-14T07:04:03.899908Z,2026-07-14T07:04:15.918207Z,cudf,4bea3537-6fd4-4e2e-8725-7a3fc01a2fc0,resident,fixed,8523.075194098055,557.3238865472376,0.0,0,1452521599,0,"{""cpu_scan_ms"":""unavailable"",""d2h_bytes"":""unavailable"",""d2h_ms"":""unavailable"",""dataset_load_ms"":""measured"",""gpu_kernel_ms"":""unavailable"",""h2d_bytes"":""unavailable"",""h2d_ms"":""unavailable"",""host_prepare_ms"":""unavailable"",""load_ms"":""unavailable"",""mapped_remote_read_bytes"":""unavailable"",""overlap_wall_ms"":""unavailable"",""plan_build_ms"":""unavailable"",""query_total_ms"":""measured"",""resident_gpu_bytes"":""measured"",""resident_host_bytes"":""measured"",""resident_pinned_bytes"":""measured"",""session_setup_ms"":""measured"",""throughput_rows_per_second"":""measured"",""tune_ms"":""measured""}",0.0,,1,measured,unavailable,
2,v7-formal-sf10-resident,d30d2e32-a7c8-4cbe-8b5b-5bd7da6cf61c,ok,,0,cudf,resident,10,ASIA,1994-01-01,2,True,1,0.0,1.0,0,process_tree,"{""framework"":""cudf""}","[""cpu_scan_ms"",""d2h_bytes"",""d2h_ms"",""gpu_kernel_ms"",""h2d_bytes"",""h2d_ms"",""host_prepare_ms"",""load_ms"",""mapped_remote_read_bytes"",""overlap_wall_ms"",""plan_build_ms""]",5,b1351a421ba8dcfd,"[{""nation"":""INDIA"",""revenue_1e4"":5368625879995},{""nation"":""CHINA"",""revenue_1e4"":5353508299282},{""nation"":""VIETNAM"",""revenue_1e4"":5322693887176},{""nation"":""JAPAN"",""revenue_1e4"":5267668371444},{""nation"":""INDONESIA"",""revenue_1e4"":5231768523189}]",expected_hash_match,,,,,,,,,28.456412721425295,12018.289802130312,59986052,72985,0,59986052,,,,5763895296,,2107997680.0742536,logs/cudf.stdout.jsonl,logs/cudf.stderr.txt,2026-07-14T07:04:03.899908Z,2026-07-14T07:04:15.918207Z,cudf,4bea3537-6fd4-4e2e-8725-7a3fc01a2fc0,resident,fixed,8523.075194098055,557.3238865472376,0.0,0,1452521599,0,"{""cpu_scan_ms"":""unavailable"",""d2h_bytes"":""unavailable"",""d2h_ms"":""unavailable"",""dataset_load_ms"":""measured"",""gpu_kernel_ms"":""unavailable"",""h2d_bytes"":""unavailable"",""h2d_ms"":""unavailable"",""host_prepare_ms"":""unavailable"",""load_ms"":""unavailable"",""mapped_remote_read_bytes"":""unavailable"",""overlap_wall_ms"":""unavailable"",""plan_build_ms"":""unavailable"",""query_total_ms"":""measured"",""resident_gpu_bytes"":""measured"",""resident_host_bytes"":""measured"",""resident_pinned_bytes"":""measured"",""session_setup_ms"":""measured"",""throughput_rows_per_second"":""measured"",""tune_ms"":""measured""}",0.0,,2,measured,unavailable,
2,v7-formal-sf10-resident,c48f0441-8387-4d6f-b20c-b5d15e12aba8,ok,,0,hybrid-arrow,resident,10,ASIA,1994-01-01,0,True,16,0.125,0.875,0,process_tree,"{""partition"":""fixed"",""selection"":""fixed"",""sweep"":""diagnostic""}","[""host_prepare_ms"",""load_ms""]",5,b1351a421ba8dcfd,"[{""nation"":""INDIA"",""revenue_1e4"":5368625879995},{""nation"":""CHINA"",""revenue_1e4"":5353508299282},{""nation"":""VIETNAM"",""revenue_1e4"":5322693887176},{""nation"":""JAPAN"",""revenue_1e4"":5267668371444},{""nation"":""INDONESIA"",""revenue_1e4"":5231768523189}]",expected_hash_match,,0.0,,0.0,4.157074,13.362175941467285,0.0544000007212162,3.8578589999999995,13.835128,6105.606224853545,59986052,72985,7498257,52487795,0,212,0,4265299968,,4335778606.4574175,logs/hybrid-fixed-r0125-t16.stdout.jsonl,logs/hybrid-fixed-r0125-t16.stderr.txt,2026-07-14T07:04:15.921032Z,2026-07-14T07:04:22.026647Z,hybrid-fixed-r0125-t16,935d825c-b3b5-4ad0-bc93-1f36cc610cf7,resident,fixed,2829.469892,2564.859909,0.0,1834643522,1290156120,0,"{""cpu_scan_ms"":""measured"",""d2h_bytes"":""measured"",""d2h_ms"":""measured"",""dataset_load_ms"":""measured"",""gpu_kernel_ms"":""measured"",""h2d_bytes"":""measured"",""h2d_ms"":""measured"",""host_prepare_ms"":""unavailable"",""load_ms"":""unavailable"",""mapped_remote_read_bytes"":""measured"",""overlap_wall_ms"":""measured"",""plan_build_ms"":""measured"",""query_total_ms"":""measured"",""resident_gpu_bytes"":""measured"",""resident_host_bytes"":""measured"",""resident_pinned_bytes"":""measured"",""session_setup_ms"":""measured"",""throughput_rows_per_second"":""measured"",""tune_ms"":""measured""}",0.125,,0,measured,unavailable,
2,v7-formal-sf10-resident,856f89ef-2587-4340-978f-ace6cfdac97a,ok,,0,hybrid-arrow,resident,10,ASIA,1994-01-01,1,True,16,0.125,0.875,0,process_tree,"{""partition"":""fixed"",""selection"":""fixed"",""sweep"":""diagnostic""}","[""host_prepare_ms"",""load_ms""]",5,b1351a421ba8dcfd,"[{""nation"":""INDIA"",""revenue_1e4"":5368625879995},{""nation"":""CHINA"",""revenue_1e4"":5353508299282},{""nation"":""VIETNAM"",""revenue_1e4"":5322693887176},{""nation"":""JAPAN"",""revenue_1e4"":5267668371444},{""nation"":""INDONESIA"",""revenue_1e4"":5231768523189}]",expected_hash_match,,0.0,,0.0,3.90527,13.28435230255127,0.03376000002026558,3.781575,13.507983,6105.606224853545,59986052,72985,7498257,52487795,0,212,0,4265299968,,4440785274.900035,logs/hybrid-fixed-r0125-t16.stdout.jsonl,logs/hybrid-fixed-r0125-t16.stderr.txt,2026-07-14T07:04:15.921032Z,2026-07-14T07:04:22.026647Z,hybrid-fixed-r0125-t16,935d825c-b3b5-4ad0-bc93-1f36cc610cf7,resident,fixed,2829.469892,2564.859909,0.0,1834643522,1290156120,0,"{""cpu_scan_ms"":""measured"",""d2h_bytes"":""measured"",""d2h_ms"":""measured"",""dataset_load_ms"":""measured"",""gpu_kernel_ms"":""measured"",""h2d_bytes"":""measured"",""h2d_ms"":""measured"",""host_prepare_ms"":""unavailable"",""load_ms"":""unavailable"",""mapped_remote_read_bytes"":""measured"",""overlap_wall_ms"":""measured"",""plan_build_ms"":""measured"",""query_total_ms"":""measured"",""resident_gpu_bytes"":""measured"",""resident_host_bytes"":""measured"",""resident_pinned_bytes"":""measured"",""session_setup_ms"":""measured"",""throughput_rows_per_second"":""measured"",""tune_ms"":""measured""}",0.125,,1,measured,unavailable,
2,v7-formal-sf10-resident,71c0ce43-f008-44c2-9265-b15be070f438,ok,,0,hybrid-arrow,resident,10,ASIA,1994-01-01,2,True,16,0.125,0.875,0,process_tree,"{""partition"":""fixed"",""selection"":""fixed"",""sweep"":""diagnostic""}","[""host_prepare_ms"",""load_ms""]",5,b1351a421ba8dcfd,"[{""nation"":""INDIA"",""revenue_1e4"":5368625879995},{""nation"":""CHINA"",""revenue_1e4"":5353508299282},{""nation"":""VIETNAM"",""revenue_1e4"":5322693887176},{""nation"":""JAPAN"",""revenue_1e4"":5267668371444},{""nation"":""INDONESIA"",""revenue_1e4"":5231768523189}]",expected_hash_match,,0.0,,0.0,3.818,13.295616149902344,0.0261439997702837,3.691151999999999,13.495504,6105.606224853545,59986052,72985,7498257,52487795,0,212,0,4265299968,,4444891572.778608,logs/hybrid-fixed-r0125-t16.stdout.jsonl,logs/hybrid-fixed-r0125-t16.stderr.txt,2026-07-14T07:04:15.921032Z,2026-07-14T07:04:22.026647Z,hybrid-fixed-r0125-t16,935d825c-b3b5-4ad0-bc93-1f36cc610cf7,resident,fixed,2829.469892,2564.859909,0.0,1834643522,1290156120,0,"{""cpu_scan_ms"":""measured"",""d2h_bytes"":""measured"",""d2h_ms"":""measured"",""dataset_load_ms"":""measured"",""gpu_kernel_ms"":""measured"",""h2d_bytes"":""measured"",""h2d_ms"":""measured"",""host_prepare_ms"":""unavailable"",""load_ms"":""unavailable"",""mapped_remote_read_bytes"":""measured"",""overlap_wall_ms"":""measured"",""plan_build_ms"":""measured"",""query_total_ms"":""measured"",""resident_gpu_bytes"":""measured"",""resident_host_bytes"":""measured"",""resident_pinned_bytes"":""measured"",""session_setup_ms"":""measured"",""throughput_rows_per_second"":""measured"",""tune_ms"":""measured""}",0.125,,2,measured,unavailable,
2,v7-formal-sf10-resident,4f695470-4b6a-46b4-8a57-d8a9018fc388,ok,,0,hybrid-arrow,resident,10,ASIA,1994-01-01,0,True,16,0.25,0.75,0,process_tree,"{""partition"":""fixed"",""selection"":""fixed"",""sweep"":""core""}","[""host_prepare_ms"",""load_ms""]",5,b1351a421ba8dcfd,"[{""nation"":""INDIA"",""revenue_1e4"":5368625879995},{""nation"":""CHINA"",""revenue_1e4"":5353508299282},{""nation"":""VIETNAM"",""revenue_1e4"":5322693887176},{""nation"":""JAPAN"",""revenue_1e4"":5267668371444},{""nation"":""INDONESIA"",""revenue_1e4"":5231768523189}]",expected_hash_match,,0.0,,0.0,6.945496,11.439104080200195,0.05385600030422211,6.619952000000001,11.965502,5992.742808070034,59986052,72985,14996513,44989539,0,212,0,4115214336,,5013249924.658405,logs/hybrid-fixed-r0250-t16.stdout.jsonl,logs/hybrid-fixed-r0250-t16.stderr.txt,2026-07-14T07:04:22.029445Z,2026-07-14T07:04:28.022204Z,hybrid-fixed-r0250-t16,79e61a76-13cc-4de9-a8b6-9617fbea1124,resident,fixed,2830.211174,2408.895887,0.0,1988765442,1140191000,0,"{""cpu_scan_ms"":""measured"",""d2h_bytes"":""measured"",""d2h_ms"":""measured"",""dataset_load_ms"":""measured"",""gpu_kernel_ms"":""measured"",""h2d_bytes"":""measured"",""h2d_ms"":""measured"",""host_prepare_ms"":""unavailable"",""load_ms"":""unavailable"",""mapped_remote_read_bytes"":""measured"",""overlap_wall_ms"":""measured"",""plan_build_ms"":""measured"",""query_total_ms"":""measured"",""resident_gpu_bytes"":""measured"",""resident_host_bytes"":""measured"",""resident_pinned_bytes"":""measured"",""session_setup_ms"":""measured"",""throughput_rows_per_second"":""measured"",""tune_ms"":""measured""}",0.25,,0,measured,unavailable,
2,v7-formal-sf10-resident,d3366690-b154-41a4-a9fa-8a92f7b0924f,ok,,0,hybrid-arrow,resident,10,ASIA,1994-01-01,1,True,16,0.25,0.75,0,process_tree,"{""partition"":""fixed"",""selection"":""fixed"",""sweep"":""core""}","[""host_prepare_ms"",""load_ms""]",5,b1351a421ba8dcfd,"[{""nation"":""INDIA"",""revenue_1e4"":5368625879995},{""nation"":""CHINA"",""revenue_1e4"":5353508299282},{""nation"":""VIETNAM"",""revenue_1e4"":5322693887176},{""nation"":""JAPAN"",""revenue_1e4"":5267668371444},{""nation"":""INDONESIA"",""revenue_1e4"":5231768523189}]",expected_hash_match,,0.0,,0.0,6.539653,11.377632141113281,0.03417599946260452,6.403971000000002,11.61417,5992.742808070034,59986052,72985,14996513,44989539,0,212,0,4115214336,,5164902184.1423025,logs/hybrid-fixed-r0250-t16.stdout.jsonl,logs/hybrid-fixed-r0250-t16.stderr.txt,2026-07-14T07:04:22.029445Z,2026-07-14T07:04:28.022204Z,hybrid-fixed-r0250-t16,79e61a76-13cc-4de9-a8b6-9617fbea1124,resident,fixed,2830.211174,2408.895887,0.0,1988765442,1140191000,0,"{""cpu_scan_ms"":""measured"",""d2h_bytes"":""measured"",""d2h_ms"":""measured"",""dataset_load_ms"":""measured"",""gpu_kernel_ms"":""measured"",""h2d_bytes"":""measured"",""h2d_ms"":""measured"",""host_prepare_ms"":""unavailable"",""load_ms"":""unavailable"",""mapped_remote_read_bytes"":""measured"",""overlap_wall_ms"":""measured"",""plan_build_ms"":""measured"",""query_total_ms"":""measured"",""resident_gpu_bytes"":""measured"",""resident_host_bytes"":""measured"",""resident_pinned_bytes"":""measured"",""session_setup_ms"":""measured"",""throughput_rows_per_second"":""measured"",""tune_ms"":""measured""}",0.25,,1,measured,unavailable,
2,v7-formal-sf10-resident,3a7e6689-b4e3-4ba6-b532-157d21114104,ok,,0,hybrid-arrow,resident,10,ASIA,1994-01-01,2,True,16,0.25,0.75,0,process_tree,"{""partition"":""fixed"",""selection"":""fixed"",""sweep"":""core""}","[""host_prepare_ms"",""load_ms""]",5,b1351a421ba8dcfd,"[{""nation"":""INDIA"",""revenue_1e4"":5368625879995},{""nation"":""CHINA"",""revenue_1e4"":5353508299282},{""nation"":""VIETNAM"",""revenue_1e4"":5322693887176},{""nation"":""JAPAN"",""revenue_1e4"":5267668371444},{""nation"":""INDONESIA"",""revenue_1e4"":5231768523189}]",expected_hash_match,,0.0,,0.0,6.615966,11.32748794555664,0.03407999873161316,6.492012000000001,11.552188,5992.742808070034,59986052,72985,14996513,44989539,0,212,0,4115214336,,5192613901.366564,logs/hybrid-fixed-r0250-t16.stdout.jsonl,logs/hybrid-fixed-r0250-t16.stderr.txt,2026-07-14T07:04:22.029445Z,2026-07-14T07:04:28.022204Z,hybrid-fixed-r0250-t16,79e61a76-13cc-4de9-a8b6-9617fbea1124,resident,fixed,2830.211174,2408.895887,0.0,1988765442,1140191000,0,"{""cpu_scan_ms"":""measured"",""d2h_bytes"":""measured"",""d2h_ms"":""measured"",""dataset_load_ms"":""measured"",""gpu_kernel_ms"":""measured"",""h2d_bytes"":""measured"",""h2d_ms"":""measured"",""host_prepare_ms"":""unavailable"",""load_ms"":""unavailable"",""mapped_remote_read_bytes"":""measured"",""overlap_wall_ms"":""measured"",""plan_build_ms"":""measured"",""query_total_ms"":""measured"",""resident_gpu_bytes"":""measured"",""resident_host_bytes"":""measured"",""resident_pinned_bytes"":""measured"",""session_setup_ms"":""measured"",""throughput_rows_per_second"":""measured"",""tune_ms"":""measured""}",0.25,,2,measured,unavailable,
2,v7-formal-sf10-resident,004083ae-ee81-439a-a8e9-d214283ed9fe,ok,,0,hybrid-arrow,resident,10,ASIA,1994-01-01,0,True,16,0.375,0.625,0,process_tree,"{""partition"":""fixed"",""selection"":""fixed"",""sweep"":""diagnostic""}","[""host_prepare_ms"",""load_ms""]",5,b1351a421ba8dcfd,"[{""nation"":""INDIA"",""revenue_1e4"":5368625879995},{""nation"":""CHINA"",""revenue_1e4"":5353508299282},{""nation"":""VIETNAM"",""revenue_1e4"":5322693887176},{""nation"":""JAPAN"",""revenue_1e4"":5267668371444},{""nation"":""INDONESIA"",""revenue_1e4"":5231768523189}]",expected_hash_match,,0.0,,0.0,16.109067,9.531167984008789,0.05145600065588951,9.517805999999997,16.318507,5706.126900855452,59986052,72985,22494770,37491282,0,212,0,3964833792,,3675952217.932682,logs/hybrid-fixed-r0375-t16.stdout.jsonl,logs/hybrid-fixed-r0375-t16.stderr.txt,2026-07-14T07:04:28.024972Z,2026-07-14T07:04:33.731109Z,hybrid-fixed-r0375-t16,951eef74-b89f-4c97-80e6-6767eff041c6,resident,fixed,2837.77648,2159.521316,0.0,2132401582,990225860,0,"{""cpu_scan_ms"":""measured"",""d2h_bytes"":""measured"",""d2h_ms"":""measured"",""dataset_load_ms"":""measured"",""gpu_kernel_ms"":""measured"",""h2d_bytes"":""measured"",""h2d_ms"":""measured"",""host_prepare_ms"":""unavailable"",""load_ms"":""unavailable"",""mapped_remote_read_bytes"":""measured"",""overlap_wall_ms"":""measured"",""plan_build_ms"":""measured"",""query_total_ms"":""measured"",""resident_gpu_bytes"":""measured"",""resident_host_bytes"":""measured"",""resident_pinned_bytes"":""measured"",""session_setup_ms"":""measured"",""throughput_rows_per_second"":""measured"",""tune_ms"":""measured""}",0.375,,0,measured,unavailable,
2,v7-formal-sf10-resident,920a3857-603d-475c-92d5-7902aea443a0,ok,,0,hybrid-arrow,resident,10,ASIA,1994-01-01,1,True,16,0.375,0.625,0,process_tree,"{""partition"":""fixed"",""selection"":""fixed"",""sweep"":""diagnostic""}","[""host_prepare_ms"",""load_ms""]",5,b1351a421ba8dcfd,"[{""nation"":""INDIA"",""revenue_1e4"":5368625879995},{""nation"":""CHINA"",""revenue_1e4"":5353508299282},{""nation"":""VIETNAM"",""revenue_1e4"":5322693887176},{""nation"":""JAPAN"",""revenue_1e4"":5267668371444},{""nation"":""INDONESIA"",""revenue_1e4"":5231768523189}]",expected_hash_match,,0.0,,0.0,10.015106,9.411552429199219,0.03788800165057182,9.435555,10.09265,5706.126900855452,59986052,72985,22494770,37491282,0,212,0,3964833792,,5943538317.488469,logs/hybrid-fixed-r0375-t16.stdout.jsonl,logs/hybrid-fixed-r0375-t16.stderr.txt,2026-07-14T07:04:28.024972Z,2026-07-14T07:04:33.731109Z,hybrid-fixed-r0375-t16,951eef74-b89f-4c97-80e6-6767eff041c6,resident,fixed,2837.77648,2159.521316,0.0,2132401582,990225860,0,"{""cpu_scan_ms"":""measured"",""d2h_bytes"":""measured"",""d2h_ms"":""measured"",""dataset_load_ms"":""measured"",""gpu_kernel_ms"":""measured"",""h2d_bytes"":""measured"",""h2d_ms"":""measured"",""host_prepare_ms"":""unavailable"",""load_ms"":""unavailable"",""mapped_remote_read_bytes"":""measured"",""overlap_wall_ms"":""measured"",""plan_build_ms"":""measured"",""query_total_ms"":""measured"",""resident_gpu_bytes"":""measured"",""resident_host_bytes"":""measured"",""resident_pinned_bytes"":""measured"",""session_setup_ms"":""measured"",""throughput_rows_per_second"":""measured"",""tune_ms"":""measured""}",0.375,,1,measured,unavailable,
2,v7-formal-sf10-resident,5937ab31-0aef-464c-a192-c2fa62615f58,ok,,0,hybrid-arrow,resident,10,ASIA,1994-01-01,2,True,16,0.375,0.625,0,process_tree,"{""partition"":""fixed"",""selection"":""fixed"",""sweep"":""diagnostic""}","[""host_prepare_ms"",""load_ms""]",5,b1351a421ba8dcfd,"[{""nation"":""INDIA"",""revenue_1e4"":5368625879995},{""nation"":""CHINA"",""revenue_1e4"":5353508299282},{""nation"":""VIETNAM"",""revenue_1e4"":5322693887176},{""nation"":""JAPAN"",""revenue_1e4"":5267668371444},{""nation"":""INDONESIA"",""revenue_1e4"":5231768523189}]",expected_hash_match,,0.0,,0.0,9.799455,9.497599601745605,0.022495999932289124,9.476726000000001,9.870781,5706.126900855452,59986052,72985,22494770,37491282,0,212,0,3964833792,,6077133308.904331,logs/hybrid-fixed-r0375-t16.stdout.jsonl,logs/hybrid-fixed-r0375-t16.stderr.txt,2026-07-14T07:04:28.024972Z,2026-07-14T07:04:33.731109Z,hybrid-fixed-r0375-t16,951eef74-b89f-4c97-80e6-6767eff041c6,resident,fixed,2837.77648,2159.521316,0.0,2132401582,990225860,0,"{""cpu_scan_ms"":""measured"",""d2h_bytes"":""measured"",""d2h_ms"":""measured"",""dataset_load_ms"":""measured"",""gpu_kernel_ms"":""measured"",""h2d_bytes"":""measured"",""h2d_ms"":""measured"",""host_prepare_ms"":""unavailable"",""load_ms"":""unavailable"",""mapped_remote_read_bytes"":""measured"",""overlap_wall_ms"":""measured"",""plan_build_ms"":""measured"",""query_total_ms"":""measured"",""resident_gpu_bytes"":""measured"",""resident_host_bytes"":""measured"",""resident_pinned_bytes"":""measured"",""session_setup_ms"":""measured"",""throughput_rows_per_second"":""measured"",""tune_ms"":""measured""}",0.375,,2,measured,unavailable,
2,v7-formal-sf10-resident,d1d3208a-0211-4129-b753-49cd43feaec7,ok,,0,hybrid-arrow,resident,10,ASIA,1994-01-01,0,True,16,0.5,0.5,0,process_tree,"{""partition"":""fixed"",""selection"":""fixed"",""sweep"":""core""}","[""host_prepare_ms"",""load_ms""]",5,b1351a421ba8dcfd,"[{""nation"":""INDIA"",""revenue_1e4"":5368625879995},{""nation"":""CHINA"",""revenue_1e4"":5353508299282},{""nation"":""VIETNAM"",""revenue_1e4"":5322693887176},{""nation"":""JAPAN"",""revenue_1e4"":5267668371444},{""nation"":""INDONESIA"",""revenue_1e4"":5231768523189}]",expected_hash_match,,0.0,,0.0,30.344992,7.539711952209473,0.053727999329566956,7.529133999999999,30.560291,5730.021703056991,59986052,72985,29993026,29993026,0,212,0,3815440384,,1962875680.7322288,logs/hybrid-fixed-r0500-t16.stdout.jsonl,logs/hybrid-fixed-r0500-t16.stderr.txt,2026-07-14T07:04:33.733867Z,2026-07-14T07:04:39.463898Z,hybrid-fixed-r0500-t16,1970ceab-d426-414d-be1b-5fb97c11ee63,resident,fixed,2850.067151,2111.913454,0.0,2286523502,840260740,0,"{""cpu_scan_ms"":""measured"",""d2h_bytes"":""measured"",""d2h_ms"":""measured"",""dataset_load_ms"":""measured"",""gpu_kernel_ms"":""measured"",""h2d_bytes"":""measured"",""h2d_ms"":""measured"",""host_prepare_ms"":""unavailable"",""load_ms"":""unavailable"",""mapped_remote_read_bytes"":""measured"",""overlap_wall_ms"":""measured"",""plan_build_ms"":""measured"",""query_total_ms"":""measured"",""resident_gpu_bytes"":""measured"",""resident_host_bytes"":""measured"",""resident_pinned_bytes"":""measured"",""session_setup_ms"":""measured"",""throughput_rows_per_second"":""measured"",""tune_ms"":""measured""}",0.5,,0,measured,unavailable,
2,v7-formal-sf10-resident,02293da1-7c7a-4c41-bee0-96afe056fb7d,ok,,0,hybrid-arrow,resident,10,ASIA,1994-01-01,1,True,16,0.5,0.5,0,process_tree,"{""partition"":""fixed"",""selection"":""fixed"",""sweep"":""core""}","[""host_prepare_ms"",""load_ms""]",5,b1351a421ba8dcfd,"[{""nation"":""INDIA"",""revenue_1e4"":5368625879995},{""nation"":""CHINA"",""revenue_1e4"":5353508299282},{""nation"":""VIETNAM"",""revenue_1e4"":5322693887176},{""nation"":""JAPAN"",""revenue_1e4"":5267668371444},{""nation"":""INDONESIA"",""revenue_1e4"":5231768523189}]",expected_hash_match,,0.0,,0.0,12.265888,7.422976016998291,0.033695999532938004,7.439549000000001,12.352256,5730.021703056991,59986052,72985,29993026,29993026,0,212,0,3815440384,,4856283095.169012,logs/hybrid-fixed-r0500-t16.stdout.jsonl,logs/hybrid-fixed-r0500-t16.stderr.txt,2026-07-14T07:04:33.733867Z,2026-07-14T07:04:39.463898Z,hybrid-fixed-r0500-t16,1970ceab-d426-414d-be1b-5fb97c11ee63,resident,fixed,2850.067151,2111.913454,0.0,2286523502,840260740,0,"{""cpu_scan_ms"":""measured"",""d2h_bytes"":""measured"",""d2h_ms"":""measured"",""dataset_load_ms"":""measured"",""gpu_kernel_ms"":""measured"",""h2d_bytes"":""measured"",""h2d_ms"":""measured"",""host_prepare_ms"":""unavailable"",""load_ms"":""unavailable"",""mapped_remote_read_bytes"":""measured"",""overlap_wall_ms"":""measured"",""plan_build_ms"":""measured"",""query_total_ms"":""measured"",""resident_gpu_bytes"":""measured"",""resident_host_bytes"":""measured"",""resident_pinned_bytes"":""measured"",""session_setup_ms"":""measured"",""throughput_rows_per_second"":""measured"",""tune_ms"":""measured""}",0.5,,1,measured,unavailable,
2,v7-formal-sf10-resident,1d7a7279-7779-4dea-ae73-af217f2081ec,ok,,0,hybrid-arrow,resident,10,ASIA,1994-01-01,2,True,16,0.5,0.5,0,process_tree,"{""partition"":""fixed"",""selection"":""fixed"",""sweep"":""core""}","[""host_prepare_ms"",""load_ms""]",5,b1351a421ba8dcfd,"[{""nation"":""INDIA"",""revenue_1e4"":5368625879995},{""nation"":""CHINA"",""revenue_1e4"":5353508299282},{""nation"":""VIETNAM"",""revenue_1e4"":5322693887176},{""nation"":""JAPAN"",""revenue_1e4"":5267668371444},{""nation"":""INDONESIA"",""revenue_1e4"":5231768523189}]",expected_hash_match,,0.0,,0.0,12.950505,7.401472091674805,0.024064000695943832,7.388313,13.02756,5730.021703056991,59986052,72985,29993026,29993026,0,212,0,3815440384,,4604550046.209728,logs/hybrid-fixed-r0500-t16.stdout.jsonl,logs/hybrid-fixed-r0500-t16.stderr.txt,2026-07-14T07:04:33.733867Z,2026-07-14T07:04:39.463898Z,hybrid-fixed-r0500-t16,1970ceab-d426-414d-be1b-5fb97c11ee63,resident,fixed,2850.067151,2111.913454,0.0,2286523502,840260740,0,"{""cpu_scan_ms"":""measured"",""d2h_bytes"":""measured"",""d2h_ms"":""measured"",""dataset_load_ms"":""measured"",""gpu_kernel_ms"":""measured"",""h2d_bytes"":""measured"",""h2d_ms"":""measured"",""host_prepare_ms"":""unavailable"",""load_ms"":""unavailable"",""mapped_remote_read_bytes"":""measured"",""overlap_wall_ms"":""measured"",""plan_build_ms"":""measured"",""query_total_ms"":""measured"",""resident_gpu_bytes"":""measured"",""resident_host_bytes"":""measured"",""resident_pinned_bytes"":""measured"",""session_setup_ms"":""measured"",""throughput_rows_per_second"":""measured"",""tune_ms"":""measured""}",0.5,,2,measured,unavailable,
2,v7-formal-sf10-resident,5c7d8cca-3379-4225-906a-80aebbb8b1d7,ok,,0,hybrid-arrow,resident,10,ASIA,1994-01-01,0,True,16,0.625,0.375,0,process_tree,"{""partition"":""fixed"",""selection"":""fixed"",""sweep"":""diagnostic""}","[""host_prepare_ms"",""load_ms""]",5,b1351a421ba8dcfd,"[{""nation"":""INDIA"",""revenue_1e4"":5368625879995},{""nation"":""CHINA"",""revenue_1e4"":5353508299282},{""nation"":""VIETNAM"",""revenue_1e4"":5322693887176},{""nation"":""JAPAN"",""revenue_1e4"":5267668371444},{""nation"":""INDONESIA"",""revenue_1e4"":5231768523189}]",expected_hash_match,,0.0,,0.0,26.00779,5.796095848083496,0.05020799860358238,5.786103999999998,26.218343,5456.529169809073,59986052,72985,37491283,22494769,0,212,0,3665420288,,2287942147.9839516,logs/hybrid-fixed-r0625-t16.stdout.jsonl,logs/hybrid-fixed-r0625-t16.stderr.txt,2026-07-14T07:04:39.466606Z,2026-07-14T07:04:44.923145Z,hybrid-fixed-r0625-t16,1852dbab-4b87-4d3f-b5a1-547fe8b4cab3,resident,fixed,2844.276756,1811.257311,0.0,2440645402,690295600,0,"{""cpu_scan_ms"":""measured"",""d2h_bytes"":""measured"",""d2h_ms"":""measured"",""dataset_load_ms"":""measured"",""gpu_kernel_ms"":""measured"",""h2d_bytes"":""measured"",""h2d_ms"":""measured"",""host_prepare_ms"":""unavailable"",""load_ms"":""unavailable"",""mapped_remote_read_bytes"":""measured"",""overlap_wall_ms"":""measured"",""plan_build_ms"":""measured"",""query_total_ms"":""measured"",""resident_gpu_bytes"":""measured"",""resident_host_bytes"":""measured"",""resident_pinned_bytes"":""measured"",""session_setup_ms"":""measured"",""throughput_rows_per_second"":""measured"",""tune_ms"":""measured""}",0.625,,0,measured,unavailable,
2,v7-formal-sf10-resident,bb936e3c-171c-417c-9d52-ec6b95ae027f,ok,,0,hybrid-arrow,resident,10,ASIA,1994-01-01,1,True,16,0.625,0.375,0,process_tree,"{""partition"":""fixed"",""selection"":""fixed"",""sweep"":""diagnostic""}","[""host_prepare_ms"",""load_ms""]",5,b1351a421ba8dcfd,"[{""nation"":""INDIA"",""revenue_1e4"":5368625879995},{""nation"":""CHINA"",""revenue_1e4"":5353508299282},{""nation"":""VIETNAM"",""revenue_1e4"":5322693887176},{""nation"":""JAPAN"",""revenue_1e4"":5267668371444},{""nation"":""INDONESIA"",""revenue_1e4"":5231768523189}]",expected_hash_match,,0.0,,0.0,15.658238,5.596159934997559,0.03347200155258179,5.617664000000001,15.738647,5456.529169809073,59986052,72985,37491283,22494769,0,212,0,3665420288,,3811385565.735098,logs/hybrid-fixed-r0625-t16.stdout.jsonl,logs/hybrid-fixed-r0625-t16.stderr.txt,2026-07-14T07:04:39.466606Z,2026-07-14T07:04:44.923145Z,hybrid-fixed-r0625-t16,1852dbab-4b87-4d3f-b5a1-547fe8b4cab3,resident,fixed,2844.276756,1811.257311,0.0,2440645402,690295600,0,"{""cpu_scan_ms"":""measured"",""d2h_bytes"":""measured"",""d2h_ms"":""measured"",""dataset_load_ms"":""measured"",""gpu_kernel_ms"":""measured"",""h2d_bytes"":""measured"",""h2d_ms"":""measured"",""host_prepare_ms"":""unavailable"",""load_ms"":""unavailable"",""mapped_remote_read_bytes"":""measured"",""overlap_wall_ms"":""measured"",""plan_build_ms"":""measured"",""query_total_ms"":""measured"",""resident_gpu_bytes"":""measured"",""resident_host_bytes"":""measured"",""resident_pinned_bytes"":""measured"",""session_setup_ms"":""measured"",""throughput_rows_per_second"":""measured"",""tune_ms"":""measured""}",0.625,,1,measured,unavailable,
2,v7-formal-sf10-resident,ec1a7d50-0350-4cf8-80f7-e430cdb53ca6,ok,,0,hybrid-arrow,resident,10,ASIA,1994-01-01,2,True,16,0.625,0.375,0,process_tree,"{""partition"":""fixed"",""selection"":""fixed"",""sweep"":""diagnostic""}","[""host_prepare_ms"",""load_ms""]",5,b1351a421ba8dcfd,"[{""nation"":""INDIA"",""revenue_1e4"":5368625879995},{""nation"":""CHINA"",""revenue_1e4"":5353508299282},{""nation"":""VIETNAM"",""revenue_1e4"":5322693887176},{""nation"":""JAPAN"",""revenue_1e4"":5267668371444},{""nation"":""INDONESIA"",""revenue_1e4"":5231768523189}]",expected_hash_match,,0.0,,0.0,15.723124,5.599232196807861,0.024960000067949295,5.598184999999999,15.794881,5456.529169809073,59986052,72985,37491283,22494769,0,212,0,3665420288,,3797816013.935148,logs/hybrid-fixed-r0625-t16.stdout.jsonl,logs/hybrid-fixed-r0625-t16.stderr.txt,2026-07-14T07:04:39.466606Z,2026-07-14T07:04:44.923145Z,hybrid-fixed-r0625-t16,1852dbab-4b87-4d3f-b5a1-547fe8b4cab3,resident,fixed,2844.276756,1811.257311,0.0,2440645402,690295600,0,"{""cpu_scan_ms"":""measured"",""d2h_bytes"":""measured"",""d2h_ms"":""measured"",""dataset_load_ms"":""measured"",""gpu_kernel_ms"":""measured"",""h2d_bytes"":""measured"",""h2d_ms"":""measured"",""host_prepare_ms"":""unavailable"",""load_ms"":""unavailable"",""mapped_remote_read_bytes"":""measured"",""overlap_wall_ms"":""measured"",""plan_build_ms"":""measured"",""query_total_ms"":""measured"",""resident_gpu_bytes"":""measured"",""resident_host_bytes"":""measured"",""resident_pinned_bytes"":""measured"",""session_setup_ms"":""measured"",""throughput_rows_per_second"":""measured"",""tune_ms"":""measured""}",0.625,,2,measured,unavailable,
2,v7-formal-sf10-resident,fe292403-2b02-4f35-8a8b-5ff7ba8b0e0a,ok,,0,hybrid-arrow,resident,10,ASIA,1994-01-01,0,True,16,0.75,0.25,0,process_tree,"{""partition"":""fixed"",""selection"":""fixed"",""sweep"":""core""}","[""host_prepare_ms"",""load_ms""]",5,b1351a421ba8dcfd,"[{""nation"":""INDIA"",""revenue_1e4"":5368625879995},{""nation"":""CHINA"",""revenue_1e4"":5353508299282},{""nation"":""VIETNAM"",""revenue_1e4"":5322693887176},{""nation"":""JAPAN"",""revenue_1e4"":5267668371444},{""nation"":""INDONESIA"",""revenue_1e4"":5231768523189}]",expected_hash_match,,0.0,,0.0,30.131696,3.7858240604400635,0.05052800104022026,3.764552000000002,30.335539,5326.210001017898,59986052,72985,44989539,14996513,0,212,0,3515490304,,1977418367.2820187,logs/hybrid-fixed-r0750-t16.stdout.jsonl,logs/hybrid-fixed-r0750-t16.stderr.txt,2026-07-14T07:04:44.925881Z,2026-07-14T07:04:50.252100Z,hybrid-fixed-r0750-t16,8f4d781e-fe98-4abe-a6cf-c143a9078007,resident,fixed,2815.351555,1661.960544,0.0,2584281562,540330480,0,"{""cpu_scan_ms"":""measured"",""d2h_bytes"":""measured"",""d2h_ms"":""measured"",""dataset_load_ms"":""measured"",""gpu_kernel_ms"":""measured"",""h2d_bytes"":""measured"",""h2d_ms"":""measured"",""host_prepare_ms"":""unavailable"",""load_ms"":""unavailable"",""mapped_remote_read_bytes"":""measured"",""overlap_wall_ms"":""measured"",""plan_build_ms"":""measured"",""query_total_ms"":""measured"",""resident_gpu_bytes"":""measured"",""resident_host_bytes"":""measured"",""resident_pinned_bytes"":""measured"",""session_setup_ms"":""measured"",""throughput_rows_per_second"":""measured"",""tune_ms"":""measured""}",0.75,,0,measured,unavailable,
2,v7-formal-sf10-resident,221ec81a-add8-4abb-b6df-40a61ce40265,ok,,0,hybrid-arrow,resident,10,ASIA,1994-01-01,1,True,16,0.75,0.25,0,process_tree,"{""partition"":""fixed"",""selection"":""fixed"",""sweep"":""core""}","[""host_prepare_ms"",""load_ms""]",5,b1351a421ba8dcfd,"[{""nation"":""INDIA"",""revenue_1e4"":5368625879995},{""nation"":""CHINA"",""revenue_1e4"":5353508299282},{""nation"":""VIETNAM"",""revenue_1e4"":5322693887176},{""nation"":""JAPAN"",""revenue_1e4"":5267668371444},{""nation"":""INDONESIA"",""revenue_1e4"":5231768523189}]",expected_hash_match,,0.0,,0.0,18.616201,3.651360034942627,0.023072000592947006,3.6316330000000008,18.700907,5326.210001017898,59986052,72985,44989539,14996513,0,212,0,3515490304,,3207654687.550716,logs/hybrid-fixed-r0750-t16.stdout.jsonl,logs/hybrid-fixed-r0750-t16.stderr.txt,2026-07-14T07:04:44.925881Z,2026-07-14T07:04:50.252100Z,hybrid-fixed-r0750-t16,8f4d781e-fe98-4abe-a6cf-c143a9078007,resident,fixed,2815.351555,1661.960544,0.0,2584281562,540330480,0,"{""cpu_scan_ms"":""measured"",""d2h_bytes"":""measured"",""d2h_ms"":""measured"",""dataset_load_ms"":""measured"",""gpu_kernel_ms"":""measured"",""h2d_bytes"":""measured"",""h2d_ms"":""measured"",""host_prepare_ms"":""unavailable"",""load_ms"":""unavailable"",""mapped_remote_read_bytes"":""measured"",""overlap_wall_ms"":""measured"",""plan_build_ms"":""measured"",""query_total_ms"":""measured"",""resident_gpu_bytes"":""measured"",""resident_host_bytes"":""measured"",""resident_pinned_bytes"":""measured"",""session_setup_ms"":""measured"",""throughput_rows_per_second"":""measured"",""tune_ms"":""measured""}",0.75,,1,measured,unavailable,
2,v7-formal-sf10-resident,3466e9fa-f4b3-4527-8cf4-d2d32ef30faf,ok,,0,hybrid-arrow,resident,10,ASIA,1994-01-01,2,True,16,0.75,0.25,0,process_tree,"{""partition"":""fixed"",""selection"":""fixed"",""sweep"":""core""}","[""host_prepare_ms"",""load_ms""]",5,b1351a421ba8dcfd,"[{""nation"":""INDIA"",""revenue_1e4"":5368625879995},{""nation"":""CHINA"",""revenue_1e4"":5353508299282},{""nation"":""VIETNAM"",""revenue_1e4"":5322693887176},{""nation"":""JAPAN"",""revenue_1e4"":5267668371444},{""nation"":""INDONESIA"",""revenue_1e4"":5231768523189}]",expected_hash_match,,0.0,,0.0,18.458697,3.6740798950195312,0.02473600022494793,3.669038000000004,18.535151,5326.210001017898,59986052,72985,44989539,14996513,0,212,0,3515490304,,3236340076.215187,logs/hybrid-fixed-r0750-t16.stdout.jsonl,logs/hybrid-fixed-r0750-t16.stderr.txt,2026-07-14T07:04:44.925881Z,2026-07-14T07:04:50.252100Z,hybrid-fixed-r0750-t16,8f4d781e-fe98-4abe-a6cf-c143a9078007,resident,fixed,2815.351555,1661.960544,0.0,2584281562,540330480,0,"{""cpu_scan_ms"":""measured"",""d2h_bytes"":""measured"",""d2h_ms"":""measured"",""dataset_load_ms"":""measured"",""gpu_kernel_ms"":""measured"",""h2d_bytes"":""measured"",""h2d_ms"":""measured"",""host_prepare_ms"":""unavailable"",""load_ms"":""unavailable"",""mapped_remote_read_bytes"":""measured"",""overlap_wall_ms"":""measured"",""plan_build_ms"":""measured"",""query_total_ms"":""measured"",""resident_gpu_bytes"":""measured"",""resident_host_bytes"":""measured"",""resident_pinned_bytes"":""measured"",""session_setup_ms"":""measured"",""throughput_rows_per_second"":""measured"",""tune_ms"":""measured""}",0.75,,2,measured,unavailable,
2,v7-formal-sf10-resident,2a48c0ff-8ed3-4960-9b2a-4673c797574a,ok,,0,hybrid-arrow,resident,10,ASIA,1994-01-01,0,True,16,0.875,0.125,0,process_tree,"{""partition"":""fixed"",""selection"":""fixed"",""sweep"":""diagnostic""}","[""host_prepare_ms"",""load_ms""]",5,b1351a421ba8dcfd,"[{""nation"":""INDIA"",""revenue_1e4"":5368625879995},{""nation"":""CHINA"",""revenue_1e4"":5353508299282},{""nation"":""VIETNAM"",""revenue_1e4"":5322693887176},{""nation"":""JAPAN"",""revenue_1e4"":5267668371444},{""nation"":""INDONESIA"",""revenue_1e4"":5231768523189}]",expected_hash_match,,0.0,,0.0,34.477682,1.751871943473816,0.05049600079655647,1.715437999999999,34.674745,5073.618769645691,59986052,72985,52487796,7498256,0,212,0,3365576704,,1729963753.1580982,logs/hybrid-fixed-r0875-t16.stdout.jsonl,logs/hybrid-fixed-r0875-t16.stderr.txt,2026-07-14T07:04:50.254833Z,2026-07-14T07:04:55.328461Z,hybrid-fixed-r0875-t16,1066bba6-111c-42be-8c26-dc63d8fd7104,resident,fixed,2818.529132,1494.409934,0.0,2738403462,390365340,0,"{""cpu_scan_ms"":""measured"",""d2h_bytes"":""measured"",""d2h_ms"":""measured"",""dataset_load_ms"":""measured"",""gpu_kernel_ms"":""measured"",""h2d_bytes"":""measured"",""h2d_ms"":""measured"",""host_prepare_ms"":""unavailable"",""load_ms"":""unavailable"",""mapped_remote_read_bytes"":""measured"",""overlap_wall_ms"":""measured"",""plan_build_ms"":""measured"",""query_total_ms"":""measured"",""resident_gpu_bytes"":""measured"",""resident_host_bytes"":""measured"",""resident_pinned_bytes"":""measured"",""session_setup_ms"":""measured"",""throughput_rows_per_second"":""measured"",""tune_ms"":""measured""}",0.875,,0,measured,unavailable,
2,v7-formal-sf10-resident,804483d4-05ee-4e81-a40f-cab961bcd648,ok,,0,hybrid-arrow,resident,10,ASIA,1994-01-01,1,True,16,0.875,0.125,0,process_tree,"{""partition"":""fixed"",""selection"":""fixed"",""sweep"":""diagnostic""}","[""host_prepare_ms"",""load_ms""]",5,b1351a421ba8dcfd,"[{""nation"":""INDIA"",""revenue_1e4"":5368625879995},{""nation"":""CHINA"",""revenue_1e4"":5353508299282},{""nation"":""VIETNAM"",""revenue_1e4"":5322693887176},{""nation"":""JAPAN"",""revenue_1e4"":5267668371444},{""nation"":""INDONESIA"",""revenue_1e4"":5231768523189}]",expected_hash_match,,0.0,,0.0,21.911056,1.6354880332946777,0.032255999743938446,1.6543969999999995,22.002011,5073.618769645691,59986052,72985,52487796,7498256,0,212,0,3365576704,,2726389510.4861097,logs/hybrid-fixed-r0875-t16.stdout.jsonl,logs/hybrid-fixed-r0875-t16.stderr.txt,2026-07-14T07:04:50.254833Z,2026-07-14T07:04:55.328461Z,hybrid-fixed-r0875-t16,1066bba6-111c-42be-8c26-dc63d8fd7104,resident,fixed,2818.529132,1494.409934,0.0,2738403462,390365340,0,"{""cpu_scan_ms"":""measured"",""d2h_bytes"":""measured"",""d2h_ms"":""measured"",""dataset_load_ms"":""measured"",""gpu_kernel_ms"":""measured"",""h2d_bytes"":""measured"",""h2d_ms"":""measured"",""host_prepare_ms"":""unavailable"",""load_ms"":""unavailable"",""mapped_remote_read_bytes"":""measured"",""overlap_wall_ms"":""measured"",""plan_build_ms"":""measured"",""query_total_ms"":""measured"",""resident_gpu_bytes"":""measured"",""resident_host_bytes"":""measured"",""resident_pinned_bytes"":""measured"",""session_setup_ms"":""measured"",""throughput_rows_per_second"":""measured"",""tune_ms"":""measured""}",0.875,,1,measured,unavailable,
2,v7-formal-sf10-resident,4560f5f9-bc07-4094-8941-a4e4a9f9910e,ok,,0,hybrid-arrow,resident,10,ASIA,1994-01-01,2,True,16,0.875,0.125,0,process_tree,"{""partition"":""fixed"",""selection"":""fixed"",""sweep"":""diagnostic""}","[""host_prepare_ms"",""load_ms""]",5,b1351a421ba8dcfd,"[{""nation"":""INDIA"",""revenue_1e4"":5368625879995},{""nation"":""CHINA"",""revenue_1e4"":5353508299282},{""nation"":""VIETNAM"",""revenue_1e4"":5322693887176},{""nation"":""JAPAN"",""revenue_1e4"":5267668371444},{""nation"":""INDONESIA"",""revenue_1e4"":5231768523189}]",expected_hash_match,,0.0,,0.0,21.750587,1.6220159530639648,0.025119999423623085,1.6151090000000003,21.837827,5073.618769645691,59986052,72985,52487796,7498256,0,212,0,3365576704,,2746887407.7993197,logs/hybrid-fixed-r0875-t16.stdout.jsonl,logs/hybrid-fixed-r0875-t16.stderr.txt,2026-07-14T07:04:50.254833Z,2026-07-14T07:04:55.328461Z,hybrid-fixed-r0875-t16,1066bba6-111c-42be-8c26-dc63d8fd7104,resident,fixed,2818.529132,1494.409934,0.0,2738403462,390365340,0,"{""cpu_scan_ms"":""measured"",""d2h_bytes"":""measured"",""d2h_ms"":""measured"",""dataset_load_ms"":""measured"",""gpu_kernel_ms"":""measured"",""h2d_bytes"":""measured"",""h2d_ms"":""measured"",""host_prepare_ms"":""unavailable"",""load_ms"":""unavailable"",""mapped_remote_read_bytes"":""measured"",""overlap_wall_ms"":""measured"",""plan_build_ms"":""measured"",""query_total_ms"":""measured"",""resident_gpu_bytes"":""measured"",""resident_host_bytes"":""measured"",""resident_pinned_bytes"":""measured"",""session_setup_ms"":""measured"",""throughput_rows_per_second"":""measured"",""tune_ms"":""measured""}",0.875,,2,measured,unavailable,
2,v7-formal-sf10-resident,cdeb3fe1-d0ba-4eeb-adbb-c4421b4bd83a,ok,,0,hybrid-arrow,resident,10,ASIA,1994-01-01,0,True,16,0.28842544930278124,0.7115745506972188,0,process_tree,"{""selection"":""auto""}","[""host_prepare_ms"",""load_ms""]",5,b1351a421ba8dcfd,"[{""nation"":""INDIA"",""revenue_1e4"":5368625879995},{""nation"":""CHINA"",""revenue_1e4"":5353508299282},{""nation"":""VIETNAM"",""revenue_1e4"":5322693887176},{""nation"":""JAPAN"",""revenue_1e4"":5267668371444},{""nation"":""INDONESIA"",""revenue_1e4"":5231768523189}]",expected_hash_match,,0.0,,0.0,12.415682,10.778623580932617,0.03891199827194214,10.755104999999999,12.546587,8561.419724021107,59986052,72985,17301504,42684548,0,212,0,4138057728,,4781065320.792021,logs/hybrid-auto-t16.stdout.jsonl,logs/hybrid-auto-t16.stderr.txt,2026-07-14T07:04:55.331245Z,2026-07-14T07:05:03.892674Z,hybrid-auto-t16,3dccf606-9e35-4f7f-9dde-4d1ba54d8718,resident,auto,2820.707473,5023.371078,2875.78121,2026551702,1094091180,0,"{""cpu_scan_ms"":""measured"",""d2h_bytes"":""measured"",""d2h_ms"":""measured"",""dataset_load_ms"":""measured"",""gpu_kernel_ms"":""measured"",""h2d_bytes"":""measured"",""h2d_ms"":""measured"",""host_prepare_ms"":""unavailable"",""load_ms"":""unavailable"",""mapped_remote_read_bytes"":""measured"",""overlap_wall_ms"":""measured"",""plan_build_ms"":""measured"",""query_total_ms"":""measured"",""resident_gpu_bytes"":""measured"",""resident_host_bytes"":""measured"",""resident_pinned_bytes"":""measured"",""session_setup_ms"":""measured"",""throughput_rows_per_second"":""measured"",""tune_ms"":""measured""}",0.28842544930278124,0.2887329010669868,0,measured,unavailable,
2,v7-formal-sf10-resident,4c20e789-9c76-492c-b4fb-75b4f6a054ad,ok,,0,hybrid-arrow,resident,10,ASIA,1994-01-01,1,True,16,0.28842544930278124,0.7115745506972188,0,process_tree,"{""selection"":""auto""}","[""host_prepare_ms"",""load_ms""]",5,b1351a421ba8dcfd,"[{""nation"":""INDIA"",""revenue_1e4"":5368625879995},{""nation"":""CHINA"",""revenue_1e4"":5353508299282},{""nation"":""VIETNAM"",""revenue_1e4"":5322693887176},{""nation"":""JAPAN"",""revenue_1e4"":5267668371444},{""nation"":""INDONESIA"",""revenue_1e4"":5231768523189}]",expected_hash_match,,0.0,,0.0,7.303959,10.753824234008789,0.033215999603271484,7.1724039999999984,10.988513,8561.419724021107,59986052,72985,17301504,42684548,0,212,0,4138057728,,5458978116.511307,logs/hybrid-auto-t16.stdout.jsonl,logs/hybrid-auto-t16.stderr.txt,2026-07-14T07:04:55.331245Z,2026-07-14T07:05:03.892674Z,hybrid-auto-t16,3dccf606-9e35-4f7f-9dde-4d1ba54d8718,resident,auto,2820.707473,5023.371078,2875.78121,2026551702,1094091180,0,"{""cpu_scan_ms"":""measured"",""d2h_bytes"":""measured"",""d2h_ms"":""measured"",""dataset_load_ms"":""measured"",""gpu_kernel_ms"":""measured"",""h2d_bytes"":""measured"",""h2d_ms"":""measured"",""host_prepare_ms"":""unavailable"",""load_ms"":""unavailable"",""mapped_remote_read_bytes"":""measured"",""overlap_wall_ms"":""measured"",""plan_build_ms"":""measured"",""query_total_ms"":""measured"",""resident_gpu_bytes"":""measured"",""resident_host_bytes"":""measured"",""resident_pinned_bytes"":""measured"",""session_setup_ms"":""measured"",""throughput_rows_per_second"":""measured"",""tune_ms"":""measured""}",0.28842544930278124,0.2887329010669868,1,measured,unavailable,
2,v7-formal-sf10-resident,f72bc32e-8a97-447c-b492-16b1f53a1edc,ok,,0,hybrid-arrow,resident,10,ASIA,1994-01-01,2,True,16,0.28842544930278124,0.7115745506972188,0,process_tree,"{""selection"":""auto""}","[""host_prepare_ms"",""load_ms""]",5,b1351a421ba8dcfd,"[{""nation"":""INDIA"",""revenue_1e4"":5368625879995},{""nation"":""CHINA"",""revenue_1e4"":5353508299282},{""nation"":""VIETNAM"",""revenue_1e4"":5322693887176},{""nation"":""JAPAN"",""revenue_1e4"":5267668371444},{""nation"":""INDONESIA"",""revenue_1e4"":5231768523189}]",expected_hash_match,,0.0,,0.0,7.359272,10.775551795959473,0.024320000782608986,7.249048,10.957797,8561.419724021107,59986052,72985,17301504,42684548,0,212,0,4138057728,,5474280277.322166,logs/hybrid-auto-t16.stdout.jsonl,logs/hybrid-auto-t16.stderr.txt,2026-07-14T07:04:55.331245Z,2026-07-14T07:05:03.892674Z,hybrid-auto-t16,3dccf606-9e35-4f7f-9dde-4d1ba54d8718,resident,auto,2820.707473,5023.371078,2875.78121,2026551702,1094091180,0,"{""cpu_scan_ms"":""measured"",""d2h_bytes"":""measured"",""d2h_ms"":""measured"",""dataset_load_ms"":""measured"",""gpu_kernel_ms"":""measured"",""h2d_bytes"":""measured"",""h2d_ms"":""measured"",""host_prepare_ms"":""unavailable"",""load_ms"":""unavailable"",""mapped_remote_read_bytes"":""measured"",""overlap_wall_ms"":""measured"",""plan_build_ms"":""measured"",""query_total_ms"":""measured"",""resident_gpu_bytes"":""measured"",""resident_host_bytes"":""measured"",""resident_pinned_bytes"":""measured"",""session_setup_ms"":""measured"",""throughput_rows_per_second"":""measured"",""tune_ms"":""measured""}",0.28842544930278124,0.2887329010669868,2,measured,unavailable,
