schema_version,experiment_id,run_uuid,status,error_class,return_code,engine,scenario,scale_factor,region,date,sample_index,is_warmup,threads,cpu_ratio,gpu_ratio,gpu_chunk_rows,memory_scope,mode_options_json,not_applicable_phases,result_rows,result_hash,oracle_status,load_ms,plan_build_ms,host_prepare_ms,h2d_ms,cpu_scan_ms,gpu_kernel_ms,d2h_ms,overlap_wall_ms,query_total_ms,process_elapsed_ms,input_lineitem_rows,matched_lineitem_rows,cpu_input_rows,gpu_input_rows,h2d_bytes,d2h_bytes,mapped_remote_read_bytes,cpu_peak_rss_bytes,gpu_peak_memory_bytes,throughput_rows_per_second,stdout_log,stderr_log,started_at_utc,finished_at_utc
1,v5-sf1-final,212724fa-d6ac-447d-8f31-df1e45db4979,ok,,0,arrow-acero,cold,1,ASIA,1994-01-01,0,False,1,1.0,0.0,0,process,"{""cpu_ratio"":1.0}","[""gpu_memory_monitor"",""load_timing""]",5,542abf4003633c7c,passed,0.0,297.978,0.0,0.0,109.659,0.0,0.0,0.0,409.481,760.2852452546358,6001215,7243,6001215,0,0,0,0,435986432,0,14655661.679052263,logs/212724fa-d6ac-447d-8f31-df1e45db4979.stdout.txt,logs/212724fa-d6ac-447d-8f31-df1e45db4979.stderr.txt,2026-07-13T19:06:46.797641Z,2026-07-13T19:06:47.557934Z
1,v5-sf1-final,cc3d607d-b147-4014-9740-05e1bc58b214,ok,,0,arrow-acero,cold,1,ASIA,1994-01-01,1,False,1,1.0,0.0,0,process,"{""cpu_ratio"":1.0}","[""gpu_memory_monitor"",""load_timing""]",5,542abf4003633c7c,passed,0.0,292.142,0.0,0.0,106.711,0.0,0.0,0.0,400.688,761.0005210153759,6001215,7243,6001215,0,0,0,0,435732480,0,14977276.584275048,logs/cc3d607d-b147-4014-9740-05e1bc58b214.stdout.txt,logs/cc3d607d-b147-4014-9740-05e1bc58b214.stderr.txt,2026-07-13T19:06:47.558362Z,2026-07-13T19:06:48.319370Z
1,v5-sf1-final,01f14e3e-0757-40ee-8097-b9c179a3d79c,ok,,0,arrow-acero,cold,1,ASIA,1994-01-01,2,False,1,1.0,0.0,0,process,"{""cpu_ratio"":1.0}","[""gpu_memory_monitor"",""load_timing""]",5,542abf4003633c7c,passed,0.0,296.315,0.0,0.0,106.699,0.0,0.0,0.0,404.852,765.5690228566527,6001215,7243,6001215,0,0,0,0,459218944,0,14823231.699485244,logs/01f14e3e-0757-40ee-8097-b9c179a3d79c.stdout.txt,logs/01f14e3e-0757-40ee-8097-b9c179a3d79c.stderr.txt,2026-07-13T19:06:48.319820Z,2026-07-13T19:06:49.085397Z
1,v5-sf1-final,c7ae68f1-e8b5-46e9-a4da-0aecaa334c48,ok,,0,arrow-acero,cold,1,ASIA,1994-01-01,3,False,1,1.0,0.0,0,process,"{""cpu_ratio"":1.0}","[""gpu_memory_monitor"",""load_timing""]",5,542abf4003633c7c,passed,0.0,283.257,0.0,0.0,107.918,0.0,0.0,0.0,392.957,759.1136279515922,6001215,7243,6001215,0,0,0,0,458379264,0,15271938.150993621,logs/c7ae68f1-e8b5-46e9-a4da-0aecaa334c48.stdout.txt,logs/c7ae68f1-e8b5-46e9-a4da-0aecaa334c48.stderr.txt,2026-07-13T19:06:49.085836Z,2026-07-13T19:06:49.844958Z
1,v5-sf1-final,23a5ca42-8dff-4bd6-b104-3a3d5e380fd8,ok,,0,arrow-acero,cold,1,ASIA,1994-01-01,4,False,1,1.0,0.0,0,process,"{""cpu_ratio"":1.0}","[""gpu_memory_monitor"",""load_timing""]",5,542abf4003633c7c,passed,0.0,279.232,0.0,0.0,107.289,0.0,0.0,0.0,388.307,762.8801809623837,6001215,7243,6001215,0,0,0,0,488255488,0,15454820.541478777,logs/23a5ca42-8dff-4bd6-b104-3a3d5e380fd8.stdout.txt,logs/23a5ca42-8dff-4bd6-b104-3a3d5e380fd8.stderr.txt,2026-07-13T19:06:49.845387Z,2026-07-13T19:06:50.608275Z
1,v5-sf1-final,d5f13e4a-fe25-49ba-bfbe-6f7099ad01e4,ok,,0,arrow-acero,cold,1,ASIA,1994-01-01,5,False,1,1.0,0.0,0,process,"{""cpu_ratio"":1.0}","[""gpu_memory_monitor"",""load_timing""]",5,542abf4003633c7c,passed,0.0,270.727,0.0,0.0,105.632,0.0,0.0,0.0,378.017,760.975725017488,6001215,7243,6001215,0,0,0,0,481816576,0,15875516.180489238,logs/d5f13e4a-fe25-49ba-bfbe-6f7099ad01e4.stdout.txt,logs/d5f13e4a-fe25-49ba-bfbe-6f7099ad01e4.stderr.txt,2026-07-13T19:06:50.608712Z,2026-07-13T19:06:51.369695Z
1,v5-sf1-final,aec6a26f-01c0-4e77-a4bb-d08b91c73005,ok,,0,arrow-acero,cold,1,ASIA,1994-01-01,6,False,1,1.0,0.0,0,process,"{""cpu_ratio"":1.0}","[""gpu_memory_monitor"",""load_timing""]",5,542abf4003633c7c,passed,0.0,292.131,0.0,0.0,107.399,0.0,0.0,0.0,401.327,782.2221769019961,6001215,7243,6001215,0,0,0,0,474771456,0,14953429.497641575,logs/aec6a26f-01c0-4e77-a4bb-d08b91c73005.stdout.txt,logs/aec6a26f-01c0-4e77-a4bb-d08b91c73005.stderr.txt,2026-07-13T19:06:51.370113Z,2026-07-13T19:06:52.152343Z
1,v5-sf1-final,6a0d0fe6-0972-42e7-8a17-e6aeff0437f5,ok,,0,arrow-acero,cold,1,ASIA,1994-01-01,7,False,1,1.0,0.0,0,process,"{""cpu_ratio"":1.0}","[""gpu_memory_monitor"",""load_timing""]",5,542abf4003633c7c,passed,0.0,267.055,0.0,0.0,105.551,0.0,0.0,0.0,374.261,704.7170125879347,6001215,7243,6001215,0,0,0,0,492253184,0,16034839.323359901,logs/6a0d0fe6-0972-42e7-8a17-e6aeff0437f5.stdout.txt,logs/6a0d0fe6-0972-42e7-8a17-e6aeff0437f5.stderr.txt,2026-07-13T19:06:52.152777Z,2026-07-13T19:06:52.857502Z
1,v5-sf1-final,f15c0d41-3cc5-4011-a5e5-86b4807a0bea,ok,,0,arrow-acero,cold,1,ASIA,1994-01-01,8,False,1,1.0,0.0,0,process,"{""cpu_ratio"":1.0}","[""gpu_memory_monitor"",""load_timing""]",5,542abf4003633c7c,passed,0.0,285.855,0.0,0.0,106.928,0.0,0.0,0.0,394.6,847.5490841083229,6001215,7243,6001215,0,0,0,0,487849984,0,15208350.228079066,logs/f15c0d41-3cc5-4011-a5e5-86b4807a0bea.stdout.txt,logs/f15c0d41-3cc5-4011-a5e5-86b4807a0bea.stderr.txt,2026-07-13T19:06:52.857972Z,2026-07-13T19:06:53.705530Z
1,v5-sf1-final,54646620-ebbf-44fb-aa7d-3ab72fe40b36,ok,,0,arrow-acero,cold,1,ASIA,1994-01-01,9,False,1,1.0,0.0,0,process,"{""cpu_ratio"":1.0}","[""gpu_memory_monitor"",""load_timing""]",5,542abf4003633c7c,passed,0.0,292.529,0.0,0.0,106.733,0.0,0.0,0.0,401.148,847.294750623405,6001215,7243,6001215,0,0,0,0,468209664,0,14960102.007239223,logs/54646620-ebbf-44fb-aa7d-3ab72fe40b36.stdout.txt,logs/54646620-ebbf-44fb-aa7d-3ab72fe40b36.stderr.txt,2026-07-13T19:06:53.705961Z,2026-07-13T19:06:54.553264Z
1,v5-sf1-final,69bb07ba-617c-4d3f-b266-e7dcafaf733e,ok,,0,arrow-acero,cold,1,ASIA,1994-01-01,0,False,2,1.0,0.0,0,process,"{""cpu_ratio"":1.0}","[""gpu_memory_monitor"",""load_timing""]",5,542abf4003633c7c,passed,0.0,290.374,0.0,0.0,78.8752,0.0,0.0,0.0,371.046,757.6070260256529,6001215,7243,6001215,0,0,0,0,460095488,0,16173776.297278505,logs/69bb07ba-617c-4d3f-b266-e7dcafaf733e.stdout.txt,logs/69bb07ba-617c-4d3f-b266-e7dcafaf733e.stderr.txt,2026-07-13T19:06:56.947097Z,2026-07-13T19:06:57.704712Z
1,v5-sf1-final,c0e3375c-277a-4a61-bf32-82aec435c6c2,ok,,0,arrow-acero,cold,1,ASIA,1994-01-01,1,False,2,1.0,0.0,0,process,"{""cpu_ratio"":1.0}","[""gpu_memory_monitor"",""load_timing""]",5,542abf4003633c7c,passed,0.0,292.13,0.0,0.0,78.1864,0.0,0.0,0.0,372.155,757.9523888416588,6001215,7243,6001215,0,0,0,0,457216000,0,16125579.395681908,logs/c0e3375c-277a-4a61-bf32-82aec435c6c2.stdout.txt,logs/c0e3375c-277a-4a61-bf32-82aec435c6c2.stderr.txt,2026-07-13T19:06:57.705130Z,2026-07-13T19:06:58.463090Z
1,v5-sf1-final,07359149-d625-46bb-b57f-705bbab00a88,ok,,0,arrow-acero,cold,1,ASIA,1994-01-01,2,False,2,1.0,0.0,0,process,"{""cpu_ratio"":1.0}","[""gpu_memory_monitor"",""load_timing""]",5,542abf4003633c7c,passed,0.0,292.936,0.0,0.0,79.2414,0.0,0.0,0.0,373.964,756.2682619318366,6001215,7243,6001215,0,0,0,0,459763712,0,16047574.098041523,logs/07359149-d625-46bb-b57f-705bbab00a88.stdout.txt,logs/07359149-d625-46bb-b57f-705bbab00a88.stderr.txt,2026-07-13T19:06:58.463531Z,2026-07-13T19:06:59.219807Z
1,v5-sf1-final,e8a92e60-1992-415f-89af-786db3aaeefc,ok,,0,arrow-acero,cold,1,ASIA,1994-01-01,3,False,2,1.0,0.0,0,process,"{""cpu_ratio"":1.0}","[""gpu_memory_monitor"",""load_timing""]",5,542abf4003633c7c,passed,0.0,297.178,0.0,0.0,78.2452,0.0,0.0,0.0,377.263,757.9271178692579,6001215,7243,6001215,0,0,0,0,452636672,0,15907245.078367082,logs/e8a92e60-1992-415f-89af-786db3aaeefc.stdout.txt,logs/e8a92e60-1992-415f-89af-786db3aaeefc.stderr.txt,2026-07-13T19:06:59.220239Z,2026-07-13T19:06:59.978173Z
1,v5-sf1-final,fed07ca7-9898-4abb-ab7a-21f83040276b,ok,,0,arrow-acero,cold,1,ASIA,1994-01-01,4,False,2,1.0,0.0,0,process,"{""cpu_ratio"":1.0}","[""gpu_memory_monitor"",""load_timing""]",5,542abf4003633c7c,passed,0.0,285.638,0.0,0.0,79.2314,0.0,0.0,0.0,366.674,758.6462693288922,6001215,7243,6001215,0,0,0,0,458010624,0,16366622.66754665,logs/fed07ca7-9898-4abb-ab7a-21f83040276b.stdout.txt,logs/fed07ca7-9898-4abb-ab7a-21f83040276b.stderr.txt,2026-07-13T19:06:59.978625Z,2026-07-13T19:07:00.737279Z
1,v5-sf1-final,2a0f54d6-b1f5-4bb5-95d5-d78ee0d07d42,ok,,0,arrow-acero,cold,1,ASIA,1994-01-01,5,False,2,1.0,0.0,0,process,"{""cpu_ratio"":1.0}","[""gpu_memory_monitor"",""load_timing""]",5,542abf4003633c7c,passed,0.0,286.726,0.0,0.0,77.2019,0.0,0.0,0.0,365.745,759.7333411686122,6001215,7243,6001215,0,0,0,0,462082048,0,16408194.233687405,logs/2a0f54d6-b1f5-4bb5-95d5-d78ee0d07d42.stdout.txt,logs/2a0f54d6-b1f5-4bb5-95d5-d78ee0d07d42.stderr.txt,2026-07-13T19:07:00.737750Z,2026-07-13T19:07:01.497491Z
1,v5-sf1-final,45d6c4e9-92d4-4958-bfd9-fe30fa772f5d,ok,,0,arrow-acero,cold,1,ASIA,1994-01-01,6,False,2,1.0,0.0,0,process,"{""cpu_ratio"":1.0}","[""gpu_memory_monitor"",""load_timing""]",5,542abf4003633c7c,passed,0.0,278.322,0.0,0.0,86.6495,0.0,0.0,0.0,366.763,760.4421768337488,6001215,7243,6001215,0,0,0,0,483430400,0,16362651.08530577,logs/45d6c4e9-92d4-4958-bfd9-fe30fa772f5d.stdout.txt,logs/45d6c4e9-92d4-4958-bfd9-fe30fa772f5d.stderr.txt,2026-07-13T19:07:01.497942Z,2026-07-13T19:07:02.258392Z
1,v5-sf1-final,cb6ae9ec-3915-4028-beed-a759b29cf97e,ok,,0,arrow-acero,cold,1,ASIA,1994-01-01,7,False,2,1.0,0.0,0,process,"{""cpu_ratio"":1.0}","[""gpu_memory_monitor"",""load_timing""]",5,542abf4003633c7c,passed,0.0,274.275,0.0,0.0,77.132,0.0,0.0,0.0,353.173,759.1798095963895,6001215,7243,6001215,0,0,0,0,499023872,0,16992281.40316502,logs/cb6ae9ec-3915-4028-beed-a759b29cf97e.stdout.txt,logs/cb6ae9ec-3915-4028-beed-a759b29cf97e.stderr.txt,2026-07-13T19:07:02.258838Z,2026-07-13T19:07:03.018025Z
1,v5-sf1-final,0304b678-a5cc-4b84-9538-aac59260466b,ok,,0,arrow-acero,cold,1,ASIA,1994-01-01,8,False,2,1.0,0.0,0,process,"{""cpu_ratio"":1.0}","[""gpu_memory_monitor"",""load_timing""]",5,542abf4003633c7c,passed,0.0,276.372,0.0,0.0,78.6785,0.0,0.0,0.0,356.907,757.7283503487706,6001215,7243,6001215,0,0,0,0,492269568,0,16814506.299960494,logs/0304b678-a5cc-4b84-9538-aac59260466b.stdout.txt,logs/0304b678-a5cc-4b84-9538-aac59260466b.stderr.txt,2026-07-13T19:07:03.018468Z,2026-07-13T19:07:03.776205Z
1,v5-sf1-final,782cd6b0-2635-4088-8ce1-8e4367cb57c7,ok,,0,arrow-acero,cold,1,ASIA,1994-01-01,9,False,2,1.0,0.0,0,process,"{""cpu_ratio"":1.0}","[""gpu_memory_monitor"",""load_timing""]",5,542abf4003633c7c,passed,0.0,275.599,0.0,0.0,85.4422,0.0,0.0,0.0,362.803,756.9641256704926,6001215,7243,6001215,0,0,0,0,492265472,0,16541249.658905797,logs/782cd6b0-2635-4088-8ce1-8e4367cb57c7.stdout.txt,logs/782cd6b0-2635-4088-8ce1-8e4367cb57c7.stderr.txt,2026-07-13T19:07:03.776655Z,2026-07-13T19:07:04.533627Z
1,v5-sf1-final,49a36d3d-ac00-45e4-ad74-0a16a3ee585e,ok,,0,arrow-acero,cold,1,ASIA,1994-01-01,0,False,4,1.0,0.0,0,process,"{""cpu_ratio"":1.0}","[""gpu_memory_monitor"",""load_timing""]",5,542abf4003633c7c,passed,0.0,272.453,0.0,0.0,58.6769,0.0,0.0,0.0,332.899,757.741249166429,6001215,7243,6001215,0,0,0,0,496578560,0,18027134.356065955,logs/49a36d3d-ac00-45e4-ad74-0a16a3ee585e.stdout.txt,logs/49a36d3d-ac00-45e4-ad74-0a16a3ee585e.stderr.txt,2026-07-13T19:07:06.819946Z,2026-07-13T19:07:07.577695Z
1,v5-sf1-final,91d5c8e3-5e45-473c-ae3a-c5df06f95130,ok,,0,arrow-acero,cold,1,ASIA,1994-01-01,1,False,4,1.0,0.0,0,process,"{""cpu_ratio"":1.0}","[""gpu_memory_monitor"",""load_timing""]",5,542abf4003633c7c,passed,0.0,268.273,0.0,0.0,55.7594,0.0,0.0,0.0,325.685,761.795551981777,6001215,7243,6001215,0,0,0,0,495906816,0,18426439.6579517,logs/91d5c8e3-5e45-473c-ae3a-c5df06f95130.stdout.txt,logs/91d5c8e3-5e45-473c-ae3a-c5df06f95130.stderr.txt,2026-07-13T19:07:07.578111Z,2026-07-13T19:07:08.339914Z
1,v5-sf1-final,4f0e5795-4fb5-4fb4-853d-8823b40c2b51,ok,,0,arrow-acero,cold,1,ASIA,1994-01-01,2,False,4,1.0,0.0,0,process,"{""cpu_ratio"":1.0}","[""gpu_memory_monitor"",""load_timing""]",5,542abf4003633c7c,passed,0.0,279.042,0.0,0.0,65.5287,0.0,0.0,0.0,346.374,757.0914044044912,6001215,7243,6001215,0,0,0,0,489324544,0,17325824.10919988,logs/4f0e5795-4fb5-4fb4-853d-8823b40c2b51.stdout.txt,logs/4f0e5795-4fb5-4fb4-853d-8823b40c2b51.stderr.txt,2026-07-13T19:07:08.340339Z,2026-07-13T19:07:09.097439Z
1,v5-sf1-final,2a55385d-3d95-4d95-9a6b-654558ac69d5,ok,,0,arrow-acero,cold,1,ASIA,1994-01-01,3,False,4,1.0,0.0,0,process,"{""cpu_ratio"":1.0}","[""gpu_memory_monitor"",""load_timing""]",5,542abf4003633c7c,passed,0.0,276.2,0.0,0.0,63.6717,0.0,0.0,0.0,341.679,757.0401360280812,6001215,7243,6001215,0,0,0,0,491868160,0,17563897.693449117,logs/2a55385d-3d95-4d95-9a6b-654558ac69d5.stdout.txt,logs/2a55385d-3d95-4d95-9a6b-654558ac69d5.stderr.txt,2026-07-13T19:07:09.097879Z,2026-07-13T19:07:09.854927Z
1,v5-sf1-final,799cdb3b-57db-4bc3-927b-945492a19ac0,ok,,0,arrow-acero,cold,1,ASIA,1994-01-01,4,False,4,1.0,0.0,0,process,"{""cpu_ratio"":1.0}","[""gpu_memory_monitor"",""load_timing""]",5,542abf4003633c7c,passed,0.0,268.742,0.0,0.0,59.914,0.0,0.0,0.0,330.273,757.7589871361852,6001215,7243,6001215,0,0,0,0,499965952,0,18170468.06732612,logs/799cdb3b-57db-4bc3-927b-945492a19ac0.stdout.txt,logs/799cdb3b-57db-4bc3-927b-945492a19ac0.stderr.txt,2026-07-13T19:07:09.855355Z,2026-07-13T19:07:10.613122Z
1,v5-sf1-final,3520a3ad-f201-43f6-a38b-c0610dd7a535,ok,,0,arrow-acero,cold,1,ASIA,1994-01-01,5,False,4,1.0,0.0,0,process,"{""cpu_ratio"":1.0}","[""gpu_memory_monitor"",""load_timing""]",5,542abf4003633c7c,passed,0.0,275.985,0.0,0.0,61.4034,0.0,0.0,0.0,339.166,758.8564339093864,6001215,7243,6001215,0,0,0,0,488472576,0,17694034.779429544,logs/3520a3ad-f201-43f6-a38b-c0610dd7a535.stdout.txt,logs/3520a3ad-f201-43f6-a38b-c0610dd7a535.stderr.txt,2026-07-13T19:07:10.613560Z,2026-07-13T19:07:11.372425Z
1,v5-sf1-final,bf503fc6-941d-4db4-b3eb-11cebfd19e63,ok,,0,arrow-acero,cold,1,ASIA,1994-01-01,6,False,4,1.0,0.0,0,process,"{""cpu_ratio"":1.0}","[""gpu_memory_monitor"",""load_timing""]",5,542abf4003633c7c,passed,0.0,288.22,0.0,0.0,64.4991,0.0,0.0,0.0,354.539,758.2575776614249,6001215,7243,6001215,0,0,0,0,465641472,0,16926812.000936426,logs/bf503fc6-941d-4db4-b3eb-11cebfd19e63.stdout.txt,logs/bf503fc6-941d-4db4-b3eb-11cebfd19e63.stderr.txt,2026-07-13T19:07:11.372877Z,2026-07-13T19:07:12.131142Z
1,v5-sf1-final,5c4a875f-a870-482a-ab13-49aa72337e39,ok,,0,arrow-acero,cold,1,ASIA,1994-01-01,7,False,4,1.0,0.0,0,process,"{""cpu_ratio"":1.0}","[""gpu_memory_monitor"",""load_timing""]",5,542abf4003633c7c,passed,0.0,275.505,0.0,0.0,66.1439,0.0,0.0,0.0,343.462,758.328661788255,6001215,7243,6001215,0,0,0,0,478277632,0,17472718.961631857,logs/5c4a875f-a870-482a-ab13-49aa72337e39.stdout.txt,logs/5c4a875f-a870-482a-ab13-49aa72337e39.stderr.txt,2026-07-13T19:07:12.131581Z,2026-07-13T19:07:12.889918Z
1,v5-sf1-final,2356163d-1255-4409-86ad-5237e025cc14,ok,,0,arrow-acero,cold,1,ASIA,1994-01-01,8,False,4,1.0,0.0,0,process,"{""cpu_ratio"":1.0}","[""gpu_memory_monitor"",""load_timing""]",5,542abf4003633c7c,passed,0.0,270.572,0.0,0.0,57.3971,0.0,0.0,0.0,329.608,755.3262850269675,6001215,7243,6001215,0,0,0,0,488476672,0,18207127.86097425,logs/2356163d-1255-4409-86ad-5237e025cc14.stdout.txt,logs/2356163d-1255-4409-86ad-5237e025cc14.stderr.txt,2026-07-13T19:07:12.890340Z,2026-07-13T19:07:13.645674Z
1,v5-sf1-final,b17c2ff7-c5b8-4db1-80c5-d41412813d3f,ok,,0,arrow-acero,cold,1,ASIA,1994-01-01,9,False,4,1.0,0.0,0,process,"{""cpu_ratio"":1.0}","[""gpu_memory_monitor"",""load_timing""]",5,542abf4003633c7c,passed,0.0,270.187,0.0,0.0,62.6216,0.0,0.0,0.0,334.593,755.9204613789916,6001215,7243,6001215,0,0,0,0,486764544,0,17935865.364786472,logs/b17c2ff7-c5b8-4db1-80c5-d41412813d3f.stdout.txt,logs/b17c2ff7-c5b8-4db1-80c5-d41412813d3f.stderr.txt,2026-07-13T19:07:13.646095Z,2026-07-13T19:07:14.402023Z
1,v5-sf1-final,af13eadf-05c2-4dba-a482-ad084d3faddd,ok,,0,arrow-acero,cold,1,ASIA,1994-01-01,0,False,8,1.0,0.0,0,process,"{""cpu_ratio"":1.0}","[""gpu_memory_monitor"",""load_timing""]",5,542abf4003633c7c,passed,0.0,273.807,0.0,0.0,48.5026,0.0,0.0,0.0,324.099,757.6288538984954,6001215,7243,6001215,0,0,0,0,480321536,0,18516610.66525969,logs/af13eadf-05c2-4dba-a482-ad084d3faddd.stdout.txt,logs/af13eadf-05c2-4dba-a482-ad084d3faddd.stderr.txt,2026-07-13T19:07:16.674621Z,2026-07-13T19:07:17.432258Z
1,v5-sf1-final,9a4becf2-7c98-4259-912f-37cf502ceef0,ok,,0,arrow-acero,cold,1,ASIA,1994-01-01,1,False,8,1.0,0.0,0,process,"{""cpu_ratio"":1.0}","[""gpu_memory_monitor"",""load_timing""]",5,542abf4003633c7c,passed,0.0,284.06,0.0,0.0,50.6829,0.0,0.0,0.0,336.549,761.7744840681553,6001215,7243,6001215,0,0,0,0,478101504,0,17831623.329738017,logs/9a4becf2-7c98-4259-912f-37cf502ceef0.stdout.txt,logs/9a4becf2-7c98-4259-912f-37cf502ceef0.stderr.txt,2026-07-13T19:07:17.432694Z,2026-07-13T19:07:18.194477Z
1,v5-sf1-final,a7080c7c-dbd8-481c-9cb3-dd0baa9ebe4c,ok,,0,arrow-acero,cold,1,ASIA,1994-01-01,2,False,8,1.0,0.0,0,process,"{""cpu_ratio"":1.0}","[""gpu_memory_monitor"",""load_timing""]",5,542abf4003633c7c,passed,0.0,274.379,0.0,0.0,44.3641,0.0,0.0,0.0,320.493,758.5696247406304,6001215,7243,6001215,0,0,0,0,493297664,0,18724948.75083075,logs/a7080c7c-dbd8-481c-9cb3-dd0baa9ebe4c.stdout.txt,logs/a7080c7c-dbd8-481c-9cb3-dd0baa9ebe4c.stderr.txt,2026-07-13T19:07:18.194911Z,2026-07-13T19:07:18.953488Z
1,v5-sf1-final,03c408b6-5279-406a-a56a-4cb3e368d02a,ok,,0,arrow-acero,cold,1,ASIA,1994-01-01,3,False,8,1.0,0.0,0,process,"{""cpu_ratio"":1.0}","[""gpu_memory_monitor"",""load_timing""]",5,542abf4003633c7c,passed,0.0,272.412,0.0,0.0,49.6063,0.0,0.0,0.0,323.829,759.4146351329982,6001215,7243,6001215,0,0,0,0,499658752,0,18532049.322327524,logs/03c408b6-5279-406a-a56a-4cb3e368d02a.stdout.txt,logs/03c408b6-5279-406a-a56a-4cb3e368d02a.stderr.txt,2026-07-13T19:07:18.953924Z,2026-07-13T19:07:19.713347Z
1,v5-sf1-final,6efe12e8-7e94-415f-859e-67c456846c16,ok,,0,arrow-acero,cold,1,ASIA,1994-01-01,4,False,8,1.0,0.0,0,process,"{""cpu_ratio"":1.0}","[""gpu_memory_monitor"",""load_timing""]",5,542abf4003633c7c,passed,0.0,284.501,0.0,0.0,50.8088,0.0,0.0,0.0,337.115,754.400132689625,6001215,7243,6001215,0,0,0,0,464461824,0,17801684.884979904,logs/6efe12e8-7e94-415f-859e-67c456846c16.stdout.txt,logs/6efe12e8-7e94-415f-859e-67c456846c16.stderr.txt,2026-07-13T19:07:19.713788Z,2026-07-13T19:07:20.468196Z
1,v5-sf1-final,df62c0bb-6d38-4b4b-8584-e709271ebc40,ok,,0,arrow-acero,cold,1,ASIA,1994-01-01,5,False,8,1.0,0.0,0,process,"{""cpu_ratio"":1.0}","[""gpu_memory_monitor"",""load_timing""]",5,542abf4003633c7c,passed,0.0,274.459,0.0,0.0,50.1214,0.0,0.0,0.0,326.366,753.3749509602785,6001215,7243,6001215,0,0,0,0,475250688,0,18387990.78335366,logs/df62c0bb-6d38-4b4b-8584-e709271ebc40.stdout.txt,logs/df62c0bb-6d38-4b4b-8584-e709271ebc40.stderr.txt,2026-07-13T19:07:20.468637Z,2026-07-13T19:07:21.222020Z
1,v5-sf1-final,1d77c207-ac18-4140-8ad0-67239bace4f5,ok,,0,arrow-acero,cold,1,ASIA,1994-01-01,6,False,8,1.0,0.0,0,process,"{""cpu_ratio"":1.0}","[""gpu_memory_monitor"",""load_timing""]",5,542abf4003633c7c,passed,0.0,288.645,0.0,0.0,49.4893,0.0,0.0,0.0,339.932,757.9700411297381,6001215,7243,6001215,0,0,0,0,466071552,0,17654163.18557829,logs/1d77c207-ac18-4140-8ad0-67239bace4f5.stdout.txt,logs/1d77c207-ac18-4140-8ad0-67239bace4f5.stderr.txt,2026-07-13T19:07:21.222447Z,2026-07-13T19:07:21.980425Z
1,v5-sf1-final,fdbf4ca4-e00e-4b44-83e1-1c79dbad8556,ok,,0,arrow-acero,cold,1,ASIA,1994-01-01,7,False,8,1.0,0.0,0,process,"{""cpu_ratio"":1.0}","[""gpu_memory_monitor"",""load_timing""]",5,542abf4003633c7c,passed,0.0,274.512,0.0,0.0,48.1057,0.0,0.0,0.0,324.47,760.9949773177505,6001215,7243,6001215,0,0,0,0,476004352,0,18495438.715443645,logs/fdbf4ca4-e00e-4b44-83e1-1c79dbad8556.stdout.txt,logs/fdbf4ca4-e00e-4b44-83e1-1c79dbad8556.stderr.txt,2026-07-13T19:07:21.980870Z,2026-07-13T19:07:22.741872Z
1,v5-sf1-final,c684012e-a452-43c6-b952-426e1d56972a,ok,,0,arrow-acero,cold,1,ASIA,1994-01-01,8,False,8,1.0,0.0,0,process,"{""cpu_ratio"":1.0}","[""gpu_memory_monitor"",""load_timing""]",5,542abf4003633c7c,passed,0.0,276.943,0.0,0.0,51.1866,0.0,0.0,0.0,329.902,760.4988338425756,6001215,7243,6001215,0,0,0,0,481857536,0,18190902.14669811,logs/c684012e-a452-43c6-b952-426e1d56972a.stdout.txt,logs/c684012e-a452-43c6-b952-426e1d56972a.stderr.txt,2026-07-13T19:07:22.742303Z,2026-07-13T19:07:23.502810Z
1,v5-sf1-final,0fcf9e63-8daa-4eeb-8e6c-40438417cd5d,ok,,0,arrow-acero,cold,1,ASIA,1994-01-01,9,False,8,1.0,0.0,0,process,"{""cpu_ratio"":1.0}","[""gpu_memory_monitor"",""load_timing""]",5,542abf4003633c7c,passed,0.0,286.138,0.0,0.0,49.9385,0.0,0.0,0.0,337.874,755.3408080711961,6001215,7243,6001215,0,0,0,0,465494016,0,17761695.18814706,logs/0fcf9e63-8daa-4eeb-8e6c-40438417cd5d.stdout.txt,logs/0fcf9e63-8daa-4eeb-8e6c-40438417cd5d.stderr.txt,2026-07-13T19:07:23.503237Z,2026-07-13T19:07:24.258585Z
1,v5-sf1-final,a4f52d41-aa26-4000-a890-fed8c8a37c06,ok,,0,arrow-acero,cold,1,ASIA,1994-01-01,0,False,16,1.0,0.0,0,process,"{""cpu_ratio"":1.0}","[""gpu_memory_monitor"",""load_timing""]",5,542abf4003633c7c,passed,0.0,288.877,0.0,0.0,43.7777,0.0,0.0,0.0,334.46,754.7534327022731,6001215,7243,6001215,0,0,0,0,463736832,0,17942997.667882558,logs/a4f52d41-aa26-4000-a890-fed8c8a37c06.stdout.txt,logs/a4f52d41-aa26-4000-a890-fed8c8a37c06.stderr.txt,2026-07-13T19:07:26.539115Z,2026-07-13T19:07:27.293876Z
1,v5-sf1-final,a636b7ce-4664-44eb-b67c-32429dd036a6,ok,,0,arrow-acero,cold,1,ASIA,1994-01-01,1,False,16,1.0,0.0,0,process,"{""cpu_ratio"":1.0}","[""gpu_memory_monitor"",""load_timing""]",5,542abf4003633c7c,passed,0.0,288.637,0.0,0.0,43.5765,0.0,0.0,0.0,334.034,760.8352852985263,6001215,7243,6001215,0,0,0,0,477769728,0,17965880.71872923,logs/a636b7ce-4664-44eb-b67c-32429dd036a6.stdout.txt,logs/a636b7ce-4664-44eb-b67c-32429dd036a6.stderr.txt,2026-07-13T19:07:27.294309Z,2026-07-13T19:07:28.055152Z
1,v5-sf1-final,d0cc8651-19dd-4535-8c1a-f804fca6775c,ok,,0,arrow-acero,cold,1,ASIA,1994-01-01,2,False,16,1.0,0.0,0,process,"{""cpu_ratio"":1.0}","[""gpu_memory_monitor"",""load_timing""]",5,542abf4003633c7c,passed,0.0,280.881,0.0,0.0,45.4873,0.0,0.0,0.0,328.147,763.020166195929,6001215,7243,6001215,0,0,0,0,476819456,0,18288190.963196374,logs/d0cc8651-19dd-4535-8c1a-f804fca6775c.stdout.txt,logs/d0cc8651-19dd-4535-8c1a-f804fca6775c.stderr.txt,2026-07-13T19:07:28.055594Z,2026-07-13T19:07:28.818622Z
1,v5-sf1-final,a680c1d1-a0b8-4260-b405-bc962b52ec30,ok,,0,arrow-acero,cold,1,ASIA,1994-01-01,3,False,16,1.0,0.0,0,process,"{""cpu_ratio"":1.0}","[""gpu_memory_monitor"",""load_timing""]",5,542abf4003633c7c,passed,0.0,289.146,0.0,0.0,45.4342,0.0,0.0,0.0,336.356,754.5067481696606,6001215,7243,6001215,0,0,0,0,467095552,0,17841855.058331054,logs/a680c1d1-a0b8-4260-b405-bc962b52ec30.stdout.txt,logs/a680c1d1-a0b8-4260-b405-bc962b52ec30.stderr.txt,2026-07-13T19:07:28.819050Z,2026-07-13T19:07:29.573565Z
1,v5-sf1-final,de7962c5-b4c0-4509-a297-81cdc326ce15,ok,,0,arrow-acero,cold,1,ASIA,1994-01-01,4,False,16,1.0,0.0,0,process,"{""cpu_ratio"":1.0}","[""gpu_memory_monitor"",""load_timing""]",5,542abf4003633c7c,passed,0.0,277.275,0.0,0.0,44.166,0.0,0.0,0.0,323.232,757.0980973541737,6001215,7243,6001215,0,0,0,0,477728768,0,18566277.47252747,logs/de7962c5-b4c0-4509-a297-81cdc326ce15.stdout.txt,logs/de7962c5-b4c0-4509-a297-81cdc326ce15.stderr.txt,2026-07-13T19:07:29.573994Z,2026-07-13T19:07:30.331100Z
1,v5-sf1-final,0f07fce2-379d-4586-87cb-0f1e851d1352,ok,,0,arrow-acero,cold,1,ASIA,1994-01-01,5,False,16,1.0,0.0,0,process,"{""cpu_ratio"":1.0}","[""gpu_memory_monitor"",""load_timing""]",5,542abf4003633c7c,passed,0.0,275.047,0.0,0.0,46.6704,0.0,0.0,0.0,323.495,754.5215268619359,6001215,7243,6001215,0,0,0,0,484925440,0,18551183.171300948,logs/0f07fce2-379d-4586-87cb-0f1e851d1352.stdout.txt,logs/0f07fce2-379d-4586-87cb-0f1e851d1352.stderr.txt,2026-07-13T19:07:30.331568Z,2026-07-13T19:07:31.086098Z
1,v5-sf1-final,ad8d1c26-2c30-4faa-9416-4eb7a84f038a,ok,,0,arrow-acero,cold,1,ASIA,1994-01-01,6,False,16,1.0,0.0,0,process,"{""cpu_ratio"":1.0}","[""gpu_memory_monitor"",""load_timing""]",5,542abf4003633c7c,passed,0.0,282.907,0.0,0.0,46.2794,0.0,0.0,0.0,331.007,753.8876477628946,6001215,7243,6001215,0,0,0,0,468692992,0,18130175.494778056,logs/ad8d1c26-2c30-4faa-9416-4eb7a84f038a.stdout.txt,logs/ad8d1c26-2c30-4faa-9416-4eb7a84f038a.stderr.txt,2026-07-13T19:07:31.086556Z,2026-07-13T19:07:31.840452Z
1,v5-sf1-final,6b75c101-1596-4233-8048-dce6aff85e65,ok,,0,arrow-acero,cold,1,ASIA,1994-01-01,7,False,16,1.0,0.0,0,process,"{""cpu_ratio"":1.0}","[""gpu_memory_monitor"",""load_timing""]",5,542abf4003633c7c,passed,0.0,292.228,0.0,0.0,43.6372,0.0,0.0,0.0,337.679,755.7626361958683,6001215,7243,6001215,0,0,0,0,458108928,0,17771952.06098099,logs/6b75c101-1596-4233-8048-dce6aff85e65.stdout.txt,logs/6b75c101-1596-4233-8048-dce6aff85e65.stderr.txt,2026-07-13T19:07:31.840904Z,2026-07-13T19:07:32.596674Z
1,v5-sf1-final,c28c61b4-0dac-4203-a196-b45453d6ebd0,ok,,0,arrow-acero,cold,1,ASIA,1994-01-01,8,False,16,1.0,0.0,0,process,"{""cpu_ratio"":1.0}","[""gpu_memory_monitor"",""load_timing""]",5,542abf4003633c7c,passed,0.0,273.694,0.0,0.0,46.3468,0.0,0.0,0.0,321.805,754.6917456202209,6001215,7243,6001215,0,0,0,0,471216128,0,18648607.075713553,logs/c28c61b4-0dac-4203-a196-b45453d6ebd0.stdout.txt,logs/c28c61b4-0dac-4203-a196-b45453d6ebd0.stderr.txt,2026-07-13T19:07:32.597102Z,2026-07-13T19:07:33.351802Z
1,v5-sf1-final,8891fdd4-6939-437a-ae20-a4b5a7c966f6,ok,,0,arrow-acero,cold,1,ASIA,1994-01-01,9,False,16,1.0,0.0,0,process,"{""cpu_ratio"":1.0}","[""gpu_memory_monitor"",""load_timing""]",5,542abf4003633c7c,passed,0.0,273.705,0.0,0.0,45.804,0.0,0.0,0.0,321.281,753.8414429873228,6001215,7243,6001215,0,0,0,0,484077568,0,18679022.413401354,logs/8891fdd4-6939-437a-ae20-a4b5a7c966f6.stdout.txt,logs/8891fdd4-6939-437a-ae20-a4b5a7c966f6.stderr.txt,2026-07-13T19:07:33.352226Z,2026-07-13T19:07:34.106075Z
1,v5-sf1-final,9c82c073-3fd5-40a8-ad17-434e32a349f5,ok,,0,arrow-acero,cold,1,ASIA,1994-01-01,0,False,32,1.0,0.0,0,process,"{""cpu_ratio"":1.0}","[""gpu_memory_monitor"",""load_timing""]",5,542abf4003633c7c,passed,0.0,272.592,0.0,0.0,45.3891,0.0,0.0,0.0,319.755,708.3781599067152,6001215,7243,6001215,0,0,0,0,492421120,0,18768166.252286907,logs/9c82c073-3fd5-40a8-ad17-434e32a349f5.stdout.txt,logs/9c82c073-3fd5-40a8-ad17-434e32a349f5.stderr.txt,2026-07-13T19:07:36.333645Z,2026-07-13T19:07:37.042032Z
1,v5-sf1-final,49f2091e-dbe1-4a73-860e-6d9c668f77db,ok,,0,arrow-acero,cold,1,ASIA,1994-01-01,1,False,32,1.0,0.0,0,process,"{""cpu_ratio"":1.0}","[""gpu_memory_monitor"",""load_timing""]",5,542abf4003633c7c,passed,0.0,273.52,0.0,0.0,45.5028,0.0,0.0,0.0,320.783,708.7345900945365,6001215,7243,6001215,0,0,0,0,492367872,0,18708020.686881784,logs/49f2091e-dbe1-4a73-860e-6d9c668f77db.stdout.txt,logs/49f2091e-dbe1-4a73-860e-6d9c668f77db.stderr.txt,2026-07-13T19:07:37.042458Z,2026-07-13T19:07:37.751201Z
1,v5-sf1-final,bd1bc3a3-f64f-4a17-904e-f48eafcf80d0,ok,,0,arrow-acero,cold,1,ASIA,1994-01-01,2,False,32,1.0,0.0,0,process,"{""cpu_ratio"":1.0}","[""gpu_memory_monitor"",""load_timing""]",5,542abf4003633c7c,passed,0.0,268.985,0.0,0.0,46.3673,0.0,0.0,0.0,317.116,707.1465160697699,6001215,7243,6001215,0,0,0,0,471064576,0,18924352.602833033,logs/bd1bc3a3-f64f-4a17-904e-f48eafcf80d0.stdout.txt,logs/bd1bc3a3-f64f-4a17-904e-f48eafcf80d0.stderr.txt,2026-07-13T19:07:37.751671Z,2026-07-13T19:07:38.458825Z
1,v5-sf1-final,86dafa25-c82a-45d5-afce-ffb3fcd016d1,ok,,0,arrow-acero,cold,1,ASIA,1994-01-01,3,False,32,1.0,0.0,0,process,"{""cpu_ratio"":1.0}","[""gpu_memory_monitor"",""load_timing""]",5,542abf4003633c7c,passed,0.0,273.963,0.0,0.0,46.541,0.0,0.0,0.0,322.287,707.3154170066118,6001215,7243,6001215,0,0,0,0,492310528,0,18620716.938629236,logs/86dafa25-c82a-45d5-afce-ffb3fcd016d1.stdout.txt,logs/86dafa25-c82a-45d5-afce-ffb3fcd016d1.stderr.txt,2026-07-13T19:07:38.459250Z,2026-07-13T19:07:39.166574Z
1,v5-sf1-final,0c1c08cf-3e78-4d39-b67e-19a22b1d1722,ok,,0,arrow-acero,cold,1,ASIA,1994-01-01,4,False,32,1.0,0.0,0,process,"{""cpu_ratio"":1.0}","[""gpu_memory_monitor"",""load_timing""]",5,542abf4003633c7c,passed,0.0,302.514,0.0,0.0,45.8288,0.0,0.0,0.0,350.179,684.7101259045303,6001215,7243,6001215,0,0,0,0,458686464,0,17137563.931589276,logs/0c1c08cf-3e78-4d39-b67e-19a22b1d1722.stdout.txt,logs/0c1c08cf-3e78-4d39-b67e-19a22b1d1722.stderr.txt,2026-07-13T19:07:39.167003Z,2026-07-13T19:07:39.851722Z
1,v5-sf1-final,aef0e81b-f069-4d4c-9517-825d484b2daa,ok,,0,arrow-acero,cold,1,ASIA,1994-01-01,5,False,32,1.0,0.0,0,process,"{""cpu_ratio"":1.0}","[""gpu_memory_monitor"",""load_timing""]",5,542abf4003633c7c,passed,0.0,269.38,0.0,0.0,43.173,0.0,0.0,0.0,314.216,766.872838139534,6001215,7243,6001215,0,0,0,0,479846400,0,19099011.50800723,logs/aef0e81b-f069-4d4c-9517-825d484b2daa.stdout.txt,logs/aef0e81b-f069-4d4c-9517-825d484b2daa.stderr.txt,2026-07-13T19:07:39.852146Z,2026-07-13T19:07:40.619027Z
1,v5-sf1-final,3f58fc46-5629-4b19-a2e6-4dea3a6ece7d,ok,,0,arrow-acero,cold,1,ASIA,1994-01-01,6,False,32,1.0,0.0,0,process,"{""cpu_ratio"":1.0}","[""gpu_memory_monitor"",""load_timing""]",5,542abf4003633c7c,passed,0.0,280.761,0.0,0.0,46.1854,0.0,0.0,0.0,328.745,714.2041502520442,6001215,7243,6001215,0,0,0,0,492265472,0,18254924.029262803,logs/3f58fc46-5629-4b19-a2e6-4dea3a6ece7d.stdout.txt,logs/3f58fc46-5629-4b19-a2e6-4dea3a6ece7d.stderr.txt,2026-07-13T19:07:40.619536Z,2026-07-13T19:07:41.333749Z
1,v5-sf1-final,c8e2bd33-3fed-4a02-a6fb-fd2fd2ad2719,ok,,0,arrow-acero,cold,1,ASIA,1994-01-01,7,False,32,1.0,0.0,0,process,"{""cpu_ratio"":1.0}","[""gpu_memory_monitor"",""load_timing""]",5,542abf4003633c7c,passed,0.0,288.492,0.0,0.0,41.9767,0.0,0.0,0.0,332.234,704.1203989647329,6001215,7243,6001215,0,0,0,0,465981440,0,18063217.491286263,logs/c8e2bd33-3fed-4a02-a6fb-fd2fd2ad2719.stdout.txt,logs/c8e2bd33-3fed-4a02-a6fb-fd2fd2ad2719.stderr.txt,2026-07-13T19:07:41.334183Z,2026-07-13T19:07:42.038311Z
1,v5-sf1-final,fab4daa4-e1f9-4f5e-b578-e1a4f4448402,ok,,0,arrow-acero,cold,1,ASIA,1994-01-01,8,False,32,1.0,0.0,0,process,"{""cpu_ratio"":1.0}","[""gpu_memory_monitor"",""load_timing""]",5,542abf4003633c7c,passed,0.0,292.95,0.0,0.0,45.1139,0.0,0.0,0.0,339.888,703.5590093582869,6001215,7243,6001215,0,0,0,0,475078656,0,17656448.59483124,logs/fab4daa4-e1f9-4f5e-b578-e1a4f4448402.stdout.txt,logs/fab4daa4-e1f9-4f5e-b578-e1a4f4448402.stderr.txt,2026-07-13T19:07:42.038789Z,2026-07-13T19:07:42.742356Z
1,v5-sf1-final,35fcf62e-3999-4fcc-882e-ab17ef38ac91,ok,,0,arrow-acero,cold,1,ASIA,1994-01-01,9,False,32,1.0,0.0,0,process,"{""cpu_ratio"":1.0}","[""gpu_memory_monitor"",""load_timing""]",5,542abf4003633c7c,passed,0.0,268.166,0.0,0.0,43.3945,0.0,0.0,0.0,313.182,704.6281737275422,6001215,7243,6001215,0,0,0,0,492171264,0,19162068.701266356,logs/35fcf62e-3999-4fcc-882e-ab17ef38ac91.stdout.txt,logs/35fcf62e-3999-4fcc-882e-ab17ef38ac91.stderr.txt,2026-07-13T19:07:42.742830Z,2026-07-13T19:07:43.447466Z
1,v5-sf1-final,349ae3ce-9a4a-43ab-a3aa-df9f380e6f22,ok,,0,cpu-specialized,cold,1,ASIA,1994-01-01,0,False,1,1.0,0.0,0,process,"{""cpu_ratio"":1.0}","[""gpu_memory_monitor"",""load_timing""]",5,542abf4003633c7c,passed,0.0,58.961,0.0,0.0,27.4763,0.0,0.0,0.0,86.5461,502.4698539637029,6001215,7243,6001215,0,0,0,0,338649088,0,69341252.81208512,logs/349ae3ce-9a4a-43ab-a3aa-df9f380e6f22.stdout.txt,logs/349ae3ce-9a4a-43ab-a3aa-df9f380e6f22.stderr.txt,2026-07-13T19:07:44.833540Z,2026-07-13T19:07:45.336018Z
1,v5-sf1-final,c0719770-b176-40b7-bbed-0a5c4e22af34,ok,,0,cpu-specialized,cold,1,ASIA,1994-01-01,1,False,1,1.0,0.0,0,process,"{""cpu_ratio"":1.0}","[""gpu_memory_monitor"",""load_timing""]",5,542abf4003633c7c,passed,0.0,58.4037,0.0,0.0,27.8445,0.0,0.0,0.0,86.3607,501.8208040855825,6001215,7243,6001215,0,0,0,0,338792448,0,69490115.295499,logs/c0719770-b176-40b7-bbed-0a5c4e22af34.stdout.txt,logs/c0719770-b176-40b7-bbed-0a5c4e22af34.stderr.txt,2026-07-13T19:07:45.336449Z,2026-07-13T19:07:45.838278Z
1,v5-sf1-final,ac79e3cf-0ed8-4581-a5ba-95b49bbea961,ok,,0,cpu-specialized,cold,1,ASIA,1994-01-01,2,False,1,1.0,0.0,0,process,"{""cpu_ratio"":1.0}","[""gpu_memory_monitor"",""load_timing""]",5,542abf4003633c7c,passed,0.0,55.7622,0.0,0.0,31.3798,0.0,0.0,0.0,87.2389,503.579359035939,6001215,7243,6001215,0,0,0,0,338526208,0,68790585.39252558,logs/ac79e3cf-0ed8-4581-a5ba-95b49bbea961.stdout.txt,logs/ac79e3cf-0ed8-4581-a5ba-95b49bbea961.stderr.txt,2026-07-13T19:07:45.838761Z,2026-07-13T19:07:46.342349Z
1,v5-sf1-final,a5afc88f-8e4e-4306-b9d7-efdef101b632,ok,,0,cpu-specialized,cold,1,ASIA,1994-01-01,3,False,1,1.0,0.0,0,process,"{""cpu_ratio"":1.0}","[""gpu_memory_monitor"",""load_timing""]",5,542abf4003633c7c,passed,0.0,57.6226,0.0,0.0,29.7941,0.0,0.0,0.0,87.5212,504.3098987080157,6001215,7243,6001215,0,0,0,0,338636800,0,68568701.06899814,logs/a5afc88f-8e4e-4306-b9d7-efdef101b632.stdout.txt,logs/a5afc88f-8e4e-4306-b9d7-efdef101b632.stderr.txt,2026-07-13T19:07:46.342814Z,2026-07-13T19:07:46.847132Z
1,v5-sf1-final,17ffb0ba-c586-44f7-a962-8fa02d17fd5a,ok,,0,cpu-specialized,cold,1,ASIA,1994-01-01,4,False,1,1.0,0.0,0,process,"{""cpu_ratio"":1.0}","[""gpu_memory_monitor"",""load_timing""]",5,542abf4003633c7c,passed,0.0,58.0742,0.0,0.0,27.0178,0.0,0.0,0.0,85.2027,505.9698158875108,6001215,7243,6001215,0,0,0,0,338677760,0,70434563.6934041,logs/17ffb0ba-c586-44f7-a962-8fa02d17fd5a.stdout.txt,logs/17ffb0ba-c586-44f7-a962-8fa02d17fd5a.stderr.txt,2026-07-13T19:07:46.847605Z,2026-07-13T19:07:47.353583Z
1,v5-sf1-final,3779aeb0-214a-4849-bc7c-ce3dc6ed88fa,ok,,0,cpu-specialized,cold,1,ASIA,1994-01-01,5,False,1,1.0,0.0,0,process,"{""cpu_ratio"":1.0}","[""gpu_memory_monitor"",""load_timing""]",5,542abf4003633c7c,passed,0.0,57.4132,0.0,0.0,26.9191,0.0,0.0,0.0,84.4509,502.3816879838705,6001215,7243,6001215,0,0,0,0,338726912,0,71061587.26549983,logs/3779aeb0-214a-4849-bc7c-ce3dc6ed88fa.stdout.txt,logs/3779aeb0-214a-4849-bc7c-ce3dc6ed88fa.stderr.txt,2026-07-13T19:07:47.354010Z,2026-07-13T19:07:47.856400Z
1,v5-sf1-final,8670a4c6-6366-4eda-8ec7-ce0e5d8e31b1,ok,,0,cpu-specialized,cold,1,ASIA,1994-01-01,6,False,1,1.0,0.0,0,process,"{""cpu_ratio"":1.0}","[""gpu_memory_monitor"",""load_timing""]",5,542abf4003633c7c,passed,0.0,57.5713,0.0,0.0,28.16,0.0,0.0,0.0,85.8382,501.4138207770884,6001215,7243,6001215,0,0,0,0,338640896,0,69913103.95604753,logs/8670a4c6-6366-4eda-8ec7-ce0e5d8e31b1.stdout.txt,logs/8670a4c6-6366-4eda-8ec7-ce0e5d8e31b1.stderr.txt,2026-07-13T19:07:47.856868Z,2026-07-13T19:07:48.358290Z
1,v5-sf1-final,aa98d151-6593-4460-a991-ebf221e272b7,ok,,0,cpu-specialized,cold,1,ASIA,1994-01-01,7,False,1,1.0,0.0,0,process,"{""cpu_ratio"":1.0}","[""gpu_memory_monitor"",""load_timing""]",5,542abf4003633c7c,passed,0.0,59.8597,0.0,0.0,27.4078,0.0,0.0,0.0,87.3884,501.80033687502146,6001215,7243,6001215,0,0,0,0,338612224,0,68672901.66658275,logs/aa98d151-6593-4460-a991-ebf221e272b7.stdout.txt,logs/aa98d151-6593-4460-a991-ebf221e272b7.stderr.txt,2026-07-13T19:07:48.358763Z,2026-07-13T19:07:48.860572Z
1,v5-sf1-final,51e2c3c4-3a91-4301-99cf-a1275b45eb3a,ok,,0,cpu-specialized,cold,1,ASIA,1994-01-01,8,False,1,1.0,0.0,0,process,"{""cpu_ratio"":1.0}","[""gpu_memory_monitor"",""load_timing""]",5,542abf4003633c7c,passed,0.0,60.2807,0.0,0.0,30.7903,0.0,0.0,0.0,91.1794,503.00124008208513,6001215,7243,6001215,0,0,0,0,338702336,0,65817662.76154482,logs/51e2c3c4-3a91-4301-99cf-a1275b45eb3a.stdout.txt,logs/51e2c3c4-3a91-4301-99cf-a1275b45eb3a.stderr.txt,2026-07-13T19:07:48.860998Z,2026-07-13T19:07:49.364007Z
1,v5-sf1-final,e0852c1e-4bac-489e-bc97-9a7b13099087,ok,,0,cpu-specialized,cold,1,ASIA,1994-01-01,9,False,1,1.0,0.0,0,process,"{""cpu_ratio"":1.0}","[""gpu_memory_monitor"",""load_timing""]",5,542abf4003633c7c,passed,0.0,61.6935,0.0,0.0,30.8338,0.0,0.0,0.0,92.6542,506.40512304380536,6001215,7243,6001215,0,0,0,0,338583552,0,64770026.61509138,logs/e0852c1e-4bac-489e-bc97-9a7b13099087.stdout.txt,logs/e0852c1e-4bac-489e-bc97-9a7b13099087.stderr.txt,2026-07-13T19:07:49.364429Z,2026-07-13T19:07:49.870842Z
1,v5-sf1-final,ccf15d91-ba6c-4860-abad-60b752904445,ok,,0,cpu-specialized,cold,1,ASIA,1994-01-01,0,False,2,1.0,0.0,0,process,"{""cpu_ratio"":1.0}","[""gpu_memory_monitor"",""load_timing""]",5,542abf4003633c7c,passed,0.0,60.9646,0.0,0.0,14.6441,0.0,0.0,0.0,75.7251,502.6082401163876,6001215,7243,6001215,0,0,0,0,333901824,0,79250010.89467032,logs/ccf15d91-ba6c-4860-abad-60b752904445.stdout.txt,logs/ccf15d91-ba6c-4860-abad-60b752904445.stderr.txt,2026-07-13T19:07:51.388466Z,2026-07-13T19:07:51.891081Z
1,v5-sf1-final,f8f7f0c5-b08c-476d-a0e5-fd4e542fd272,ok,,0,cpu-specialized,cold,1,ASIA,1994-01-01,1,False,2,1.0,0.0,0,process,"{""cpu_ratio"":1.0}","[""gpu_memory_monitor"",""load_timing""]",5,542abf4003633c7c,passed,0.0,58.2775,0.0,0.0,15.5138,0.0,0.0,0.0,73.9044,530.0528933294117,6001215,7243,6001215,0,0,0,0,311566336,0,81202404.72827058,logs/f8f7f0c5-b08c-476d-a0e5-fd4e542fd272.stdout.txt,logs/f8f7f0c5-b08c-476d-a0e5-fd4e542fd272.stderr.txt,2026-07-13T19:07:51.891503Z,2026-07-13T19:07:52.421611Z
1,v5-sf1-final,c0026fa4-91e7-49b0-81a4-e58f360325e7,ok,,0,cpu-specialized,cold,1,ASIA,1994-01-01,2,False,2,1.0,0.0,0,process,"{""cpu_ratio"":1.0}","[""gpu_memory_monitor"",""load_timing""]",5,542abf4003633c7c,passed,0.0,56.5433,0.0,0.0,15.8708,0.0,0.0,0.0,72.5171,425.54337019100785,6001215,7243,6001215,0,0,0,0,252575744,0,82755860.34190556,logs/c0026fa4-91e7-49b0-81a4-e58f360325e7.stdout.txt,logs/c0026fa4-91e7-49b0-81a4-e58f360325e7.stderr.txt,2026-07-13T19:07:52.422053Z,2026-07-13T19:07:52.847604Z
1,v5-sf1-final,da8ce31f-cb52-41ea-bf5f-0f605f5703ca,ok,,0,cpu-specialized,cold,1,ASIA,1994-01-01,3,False,2,1.0,0.0,0,process,"{""cpu_ratio"":1.0}","[""gpu_memory_monitor"",""load_timing""]",5,542abf4003633c7c,passed,0.0,59.7713,0.0,0.0,15.7334,0.0,0.0,0.0,75.6289,423.5991658642888,6001215,7243,6001215,0,0,0,0,251359232,0,79350816.94960524,logs/da8ce31f-cb52-41ea-bf5f-0f605f5703ca.stdout.txt,logs/da8ce31f-cb52-41ea-bf5f-0f605f5703ca.stderr.txt,2026-07-13T19:07:52.848031Z,2026-07-13T19:07:53.271638Z
1,v5-sf1-final,fdef1656-6cbf-4816-86eb-70f6f50c433a,ok,,0,cpu-specialized,cold,1,ASIA,1994-01-01,4,False,2,1.0,0.0,0,process,"{""cpu_ratio"":1.0}","[""gpu_memory_monitor"",""load_timing""]",5,542abf4003633c7c,passed,0.0,59.5897,0.0,0.0,16.5053,0.0,0.0,0.0,76.2058,425.03768438473344,6001215,7243,6001215,0,0,0,0,258109440,0,78750108.25947632,logs/fdef1656-6cbf-4816-86eb-70f6f50c433a.stdout.txt,logs/fdef1656-6cbf-4816-86eb-70f6f50c433a.stderr.txt,2026-07-13T19:07:53.272065Z,2026-07-13T19:07:53.697110Z
1,v5-sf1-final,6dacbdec-b7b8-46eb-bc1b-f1cbd5f1b083,ok,,0,cpu-specialized,cold,1,ASIA,1994-01-01,5,False,2,1.0,0.0,0,process,"{""cpu_ratio"":1.0}","[""gpu_memory_monitor"",""load_timing""]",5,542abf4003633c7c,passed,0.0,58.0904,0.0,0.0,15.7875,0.0,0.0,0.0,73.9809,426.92225705832243,6001215,7243,6001215,0,0,0,0,260890624,0,81118437.326391,logs/6dacbdec-b7b8-46eb-bc1b-f1cbd5f1b083.stdout.txt,logs/6dacbdec-b7b8-46eb-bc1b-f1cbd5f1b083.stderr.txt,2026-07-13T19:07:53.697565Z,2026-07-13T19:07:54.124496Z
1,v5-sf1-final,3fb66049-b79d-4fc4-aa24-d8a790389369,ok,,0,cpu-specialized,cold,1,ASIA,1994-01-01,6,False,2,1.0,0.0,0,process,"{""cpu_ratio"":1.0}","[""gpu_memory_monitor"",""load_timing""]",5,542abf4003633c7c,passed,0.0,58.8199,0.0,0.0,16.4005,0.0,0.0,0.0,75.3416,423.25593112036586,6001215,7243,6001215,0,0,0,0,249364480,0,79653405.29003897,logs/3fb66049-b79d-4fc4-aa24-d8a790389369.stdout.txt,logs/3fb66049-b79d-4fc4-aa24-d8a790389369.stderr.txt,2026-07-13T19:07:54.124930Z,2026-07-13T19:07:54.548195Z
1,v5-sf1-final,7192d527-9f52-4854-b654-258d0a13856e,ok,,0,cpu-specialized,cold,1,ASIA,1994-01-01,7,False,2,1.0,0.0,0,process,"{""cpu_ratio"":1.0}","[""gpu_memory_monitor"",""load_timing""]",5,542abf4003633c7c,passed,0.0,57.8936,0.0,0.0,16.7197,0.0,0.0,0.0,74.7239,425.48605194315314,6001215,7243,6001215,0,0,0,0,263196672,0,80311854.70779763,logs/7192d527-9f52-4854-b654-258d0a13856e.stdout.txt,logs/7192d527-9f52-4854-b654-258d0a13856e.stderr.txt,2026-07-13T19:07:54.548635Z,2026-07-13T19:07:54.974130Z
1,v5-sf1-final,43242dbd-0cb0-4e60-8714-4619b5e26529,ok,,0,cpu-specialized,cold,1,ASIA,1994-01-01,8,False,2,1.0,0.0,0,process,"{""cpu_ratio"":1.0}","[""gpu_memory_monitor"",""load_timing""]",5,542abf4003633c7c,passed,0.0,59.2774,0.0,0.0,16.6356,0.0,0.0,0.0,76.034,424.56339159980416,6001215,7243,6001215,0,0,0,0,256225280,0,78928045.34813373,logs/43242dbd-0cb0-4e60-8714-4619b5e26529.stdout.txt,logs/43242dbd-0cb0-4e60-8714-4619b5e26529.stderr.txt,2026-07-13T19:07:54.974566Z,2026-07-13T19:07:55.399137Z
1,v5-sf1-final,acf96650-4e16-4c5b-b920-8c53444ffc1a,ok,,0,cpu-specialized,cold,1,ASIA,1994-01-01,9,False,2,1.0,0.0,0,process,"{""cpu_ratio"":1.0}","[""gpu_memory_monitor"",""load_timing""]",5,542abf4003633c7c,passed,0.0,61.8389,0.0,0.0,16.4466,0.0,0.0,0.0,78.409,529.7319977544248,6001215,7243,6001215,0,0,0,0,328245248,0,76537323.52153452,logs/acf96650-4e16-4c5b-b920-8c53444ffc1a.stdout.txt,logs/acf96650-4e16-4c5b-b920-8c53444ffc1a.stderr.txt,2026-07-13T19:07:55.399568Z,2026-07-13T19:07:55.929308Z
1,v5-sf1-final,cb59324e-3739-44e8-91ca-71574d18eb31,ok,,0,cpu-specialized,cold,1,ASIA,1994-01-01,0,False,4,1.0,0.0,0,process,"{""cpu_ratio"":1.0}","[""gpu_memory_monitor"",""load_timing""]",5,542abf4003633c7c,passed,0.0,61.0075,0.0,0.0,8.47782,0.0,0.0,0.0,69.5906,504.72836568951607,6001215,7243,6001215,0,0,0,0,338767872,0,86236000.26440354,logs/cb59324e-3739-44e8-91ca-71574d18eb31.stdout.txt,logs/cb59324e-3739-44e8-91ca-71574d18eb31.stderr.txt,2026-07-13T19:07:57.448075Z,2026-07-13T19:07:57.952812Z
1,v5-sf1-final,cde93afa-dd88-49d5-b1c4-beafd4de5704,ok,,0,cpu-specialized,cold,1,ASIA,1994-01-01,1,False,4,1.0,0.0,0,process,"{""cpu_ratio"":1.0}","[""gpu_memory_monitor"",""load_timing""]",5,542abf4003633c7c,passed,0.0,56.6068,0.0,0.0,8.44397,0.0,0.0,0.0,65.1636,506.2475521117449,6001215,7243,6001215,0,0,0,0,338878464,0,92094589.61751652,logs/cde93afa-dd88-49d5-b1c4-beafd4de5704.stdout.txt,logs/cde93afa-dd88-49d5-b1c4-beafd4de5704.stderr.txt,2026-07-13T19:07:57.953241Z,2026-07-13T19:07:58.459496Z
1,v5-sf1-final,c74e3d78-164a-4d55-98d9-a9e87e13a5f2,ok,,0,cpu-specialized,cold,1,ASIA,1994-01-01,2,False,4,1.0,0.0,0,process,"{""cpu_ratio"":1.0}","[""gpu_memory_monitor"",""load_timing""]",5,542abf4003633c7c,passed,0.0,58.2848,0.0,0.0,8.59039,0.0,0.0,0.0,66.9829,380.0330478698015,6001215,7243,6001215,0,0,0,0,239452160,0,89593239.46858078,logs/c74e3d78-164a-4d55-98d9-a9e87e13a5f2.stdout.txt,logs/c74e3d78-164a-4d55-98d9-a9e87e13a5f2.stderr.txt,2026-07-13T19:07:58.459974Z,2026-07-13T19:07:58.840015Z
1,v5-sf1-final,409ad015-61a8-4bf2-8aa8-5473b6a970e2,ok,,0,cpu-specialized,cold,1,ASIA,1994-01-01,3,False,4,1.0,0.0,0,process,"{""cpu_ratio"":1.0}","[""gpu_memory_monitor"",""load_timing""]",5,542abf4003633c7c,passed,0.0,57.2981,0.0,0.0,8.42696,0.0,0.0,0.0,65.8336,506.95956498384476,6001215,7243,6001215,0,0,0,0,328445952,0,91157326.95766295,logs/409ad015-61a8-4bf2-8aa8-5473b6a970e2.stdout.txt,logs/409ad015-61a8-4bf2-8aa8-5473b6a970e2.stderr.txt,2026-07-13T19:07:58.840438Z,2026-07-13T19:07:59.347405Z
1,v5-sf1-final,484c0a85-cae9-4f6c-9fb3-00253fa739a4,ok,,0,cpu-specialized,cold,1,ASIA,1994-01-01,4,False,4,1.0,0.0,0,process,"{""cpu_ratio"":1.0}","[""gpu_memory_monitor"",""load_timing""]",5,542abf4003633c7c,passed,0.0,56.9676,0.0,0.0,8.56164,0.0,0.0,0.0,65.6365,506.7892698571086,6001215,7243,6001215,0,0,0,0,288907264,0,91431063.50887083,logs/484c0a85-cae9-4f6c-9fb3-00253fa739a4.stdout.txt,logs/484c0a85-cae9-4f6c-9fb3-00253fa739a4.stderr.txt,2026-07-13T19:07:59.347886Z,2026-07-13T19:07:59.854683Z
1,v5-sf1-final,19cb9380-404a-46dd-b05a-83bb61a69207,ok,,0,cpu-specialized,cold,1,ASIA,1994-01-01,5,False,4,1.0,0.0,0,process,"{""cpu_ratio"":1.0}","[""gpu_memory_monitor"",""load_timing""]",5,542abf4003633c7c,passed,0.0,56.7285,0.0,0.0,8.44506,0.0,0.0,0.0,65.285,505.778179038316,6001215,7243,6001215,0,0,0,0,338698240,0,91923336.14153329,logs/19cb9380-404a-46dd-b05a-83bb61a69207.stdout.txt,logs/19cb9380-404a-46dd-b05a-83bb61a69207.stderr.txt,2026-07-13T19:07:59.855109Z,2026-07-13T19:08:00.360895Z
1,v5-sf1-final,304f232d-af85-4ca2-aa09-2d848ce55ea0,ok,,0,cpu-specialized,cold,1,ASIA,1994-01-01,6,False,4,1.0,0.0,0,process,"{""cpu_ratio"":1.0}","[""gpu_memory_monitor"",""load_timing""]",5,542abf4003633c7c,passed,0.0,56.4012,0.0,0.0,8.6237,0.0,0.0,0.0,65.1335,505.36428997293115,6001215,7243,6001215,0,0,0,0,339066880,0,92137149.08610776,logs/304f232d-af85-4ca2-aa09-2d848ce55ea0.stdout.txt,logs/304f232d-af85-4ca2-aa09-2d848ce55ea0.stderr.txt,2026-07-13T19:08:00.361319Z,2026-07-13T19:08:00.866691Z
1,v5-sf1-final,1c52d83f-a28c-4a9b-a49f-8cf0b31c8ba3,ok,,0,cpu-specialized,cold,1,ASIA,1994-01-01,7,False,4,1.0,0.0,0,process,"{""cpu_ratio"":1.0}","[""gpu_memory_monitor"",""load_timing""]",5,542abf4003633c7c,passed,0.0,55.524,0.0,0.0,8.12458,0.0,0.0,0.0,63.7668,380.23622799664736,6001215,7243,6001215,0,0,0,0,277180416,0,94111904.6274864,logs/1c52d83f-a28c-4a9b-a49f-8cf0b31c8ba3.stdout.txt,logs/1c52d83f-a28c-4a9b-a49f-8cf0b31c8ba3.stderr.txt,2026-07-13T19:08:00.867116Z,2026-07-13T19:08:01.247360Z
1,v5-sf1-final,952588e9-093e-448f-8278-cfde0dd79b37,ok,,0,cpu-specialized,cold,1,ASIA,1994-01-01,8,False,4,1.0,0.0,0,process,"{""cpu_ratio"":1.0}","[""gpu_memory_monitor"",""load_timing""]",5,542abf4003633c7c,passed,0.0,58.87,0.0,0.0,8.52769,0.0,0.0,0.0,67.5091,505.5779372341931,6001215,7243,6001215,0,0,0,0,338763776,0,88894904.5387955,logs/952588e9-093e-448f-8278-cfde0dd79b37.stdout.txt,logs/952588e9-093e-448f-8278-cfde0dd79b37.stderr.txt,2026-07-13T19:08:01.247799Z,2026-07-13T19:08:01.753385Z
1,v5-sf1-final,74c0bf27-8042-4b40-964c-a9243ec25e42,ok,,0,cpu-specialized,cold,1,ASIA,1994-01-01,9,False,4,1.0,0.0,0,process,"{""cpu_ratio"":1.0}","[""gpu_memory_monitor"",""load_timing""]",5,542abf4003633c7c,passed,0.0,56.8452,0.0,0.0,8.61437,0.0,0.0,0.0,65.5712,505.4882518015802,6001215,7243,6001215,0,0,0,0,314912768,0,91522116.41696353,logs/74c0bf27-8042-4b40-964c-a9243ec25e42.stdout.txt,logs/74c0bf27-8042-4b40-964c-a9243ec25e42.stderr.txt,2026-07-13T19:08:01.753861Z,2026-07-13T19:08:02.259357Z
1,v5-sf1-final,88858f73-ede7-48d5-8d55-f60d4e3bfe50,ok,,0,cpu-specialized,cold,1,ASIA,1994-01-01,0,False,8,1.0,0.0,0,process,"{""cpu_ratio"":1.0}","[""gpu_memory_monitor"",""load_timing""]",5,542abf4003633c7c,passed,0.0,57.2101,0.0,0.0,4.86489,0.0,0.0,0.0,62.1786,380.51784597337246,6001215,7243,6001215,0,0,0,0,322166784,0,96515762.65789194,logs/88858f73-ede7-48d5-8d55-f60d4e3bfe50.stdout.txt,logs/88858f73-ede7-48d5-8d55-f60d4e3bfe50.stderr.txt,2026-07-13T19:08:03.400357Z,2026-07-13T19:08:03.780883Z
1,v5-sf1-final,3f45f50f-3e24-4a16-807b-e9d9495fe6c1,ok,,0,cpu-specialized,cold,1,ASIA,1994-01-01,1,False,8,1.0,0.0,0,process,"{""cpu_ratio"":1.0}","[""gpu_memory_monitor"",""load_timing""]",5,542abf4003633c7c,passed,0.0,56.7439,0.0,0.0,4.71674,0.0,0.0,0.0,61.5671,381.47279154509306,6001215,7243,6001215,0,0,0,0,217321472,0,97474381.6096584,logs/3f45f50f-3e24-4a16-807b-e9d9495fe6c1.stdout.txt,logs/3f45f50f-3e24-4a16-807b-e9d9495fe6c1.stderr.txt,2026-07-13T19:08:03.781317Z,2026-07-13T19:08:04.162797Z
1,v5-sf1-final,a1b4456f-27cf-43ff-9c3f-a78ed5c5563b,ok,,0,cpu-specialized,cold,1,ASIA,1994-01-01,2,False,8,1.0,0.0,0,process,"{""cpu_ratio"":1.0}","[""gpu_memory_monitor"",""load_timing""]",5,542abf4003633c7c,passed,0.0,58.8191,0.0,0.0,4.81571,0.0,0.0,0.0,63.751,505.4293009452522,6001215,7243,6001215,0,0,0,0,314929152,0,94135229.25130586,logs/a1b4456f-27cf-43ff-9c3f-a78ed5c5563b.stdout.txt,logs/a1b4456f-27cf-43ff-9c3f-a78ed5c5563b.stderr.txt,2026-07-13T19:08:04.163222Z,2026-07-13T19:08:04.668659Z
1,v5-sf1-final,899b6837-3b0c-4e6d-b665-83b46cf6e972,ok,,0,cpu-specialized,cold,1,ASIA,1994-01-01,3,False,8,1.0,0.0,0,process,"{""cpu_ratio"":1.0}","[""gpu_memory_monitor"",""load_timing""]",5,542abf4003633c7c,passed,0.0,58.3266,0.0,0.0,4.83386,0.0,0.0,0.0,63.2699,379.954454023391,6001215,7243,6001215,0,0,0,0,288763904,0,94851027.10767679,logs/899b6837-3b0c-4e6d-b665-83b46cf6e972.stdout.txt,logs/899b6837-3b0c-4e6d-b665-83b46cf6e972.stderr.txt,2026-07-13T19:08:04.669086Z,2026-07-13T19:08:05.049048Z
1,v5-sf1-final,e720db6f-a885-46a6-9640-a75c6dc73713,ok,,0,cpu-specialized,cold,1,ASIA,1994-01-01,4,False,8,1.0,0.0,0,process,"{""cpu_ratio"":1.0}","[""gpu_memory_monitor"",""load_timing""]",5,542abf4003633c7c,passed,0.0,60.3073,0.0,0.0,5.22709,0.0,0.0,0.0,65.6652,509.28445579484105,6001215,7243,6001215,0,0,0,0,338747392,0,91391102.13629137,logs/e720db6f-a885-46a6-9640-a75c6dc73713.stdout.txt,logs/e720db6f-a885-46a6-9640-a75c6dc73713.stderr.txt,2026-07-13T19:08:05.049472Z,2026-07-13T19:08:05.558764Z
1,v5-sf1-final,fc2d5980-a8e6-4135-8126-e790931d6cee,ok,,0,cpu-specialized,cold,1,ASIA,1994-01-01,5,False,8,1.0,0.0,0,process,"{""cpu_ratio"":1.0}","[""gpu_memory_monitor"",""load_timing""]",5,542abf4003633c7c,passed,0.0,60.2058,0.0,0.0,4.77806,0.0,0.0,0.0,65.0985,380.5851540528238,6001215,7243,6001215,0,0,0,0,249008128,0,92186686.3291781,logs/fc2d5980-a8e6-4135-8126-e790931d6cee.stdout.txt,logs/fc2d5980-a8e6-4135-8126-e790931d6cee.stderr.txt,2026-07-13T19:08:05.559198Z,2026-07-13T19:08:05.939790Z
1,v5-sf1-final,e786aa0f-aa05-4923-b8cf-faaa2f394870,ok,,0,cpu-specialized,cold,1,ASIA,1994-01-01,6,False,8,1.0,0.0,0,process,"{""cpu_ratio"":1.0}","[""gpu_memory_monitor"",""load_timing""]",5,542abf4003633c7c,passed,0.0,59.3649,0.0,0.0,4.69176,0.0,0.0,0.0,64.1628,381.36097183451056,6001215,7243,6001215,0,0,0,0,275001344,0,93531064.72909535,logs/e786aa0f-aa05-4923-b8cf-faaa2f394870.stdout.txt,logs/e786aa0f-aa05-4923-b8cf-faaa2f394870.stderr.txt,2026-07-13T19:08:05.940219Z,2026-07-13T19:08:06.321588Z
1,v5-sf1-final,3b8cc4ea-4b7f-40c0-ad66-bcd470e1fecb,ok,,0,cpu-specialized,cold,1,ASIA,1994-01-01,7,False,8,1.0,0.0,0,process,"{""cpu_ratio"":1.0}","[""gpu_memory_monitor"",""load_timing""]",5,542abf4003633c7c,passed,0.0,57.4274,0.0,0.0,5.00905,0.0,0.0,0.0,62.5485,378.8499222137034,6001215,7243,6001215,0,0,0,0,266027008,0,95944986.69032831,logs/3b8cc4ea-4b7f-40c0-ad66-bcd470e1fecb.stdout.txt,logs/3b8cc4ea-4b7f-40c0-ad66-bcd470e1fecb.stderr.txt,2026-07-13T19:08:06.322013Z,2026-07-13T19:08:06.700870Z
1,v5-sf1-final,a99e4322-ec6f-4dac-85d5-de81b3ef1e2e,ok,,0,cpu-specialized,cold,1,ASIA,1994-01-01,8,False,8,1.0,0.0,0,process,"{""cpu_ratio"":1.0}","[""gpu_memory_monitor"",""load_timing""]",5,542abf4003633c7c,passed,0.0,58.5159,0.0,0.0,4.79287,0.0,0.0,0.0,63.4175,505.7117589749396,6001215,7243,6001215,0,0,0,0,339013632,0,94630267.67059566,logs/a99e4322-ec6f-4dac-85d5-de81b3ef1e2e.stdout.txt,logs/a99e4322-ec6f-4dac-85d5-de81b3ef1e2e.stderr.txt,2026-07-13T19:08:06.701304Z,2026-07-13T19:08:07.207024Z
1,v5-sf1-final,87a2d2ca-db05-4052-a1e4-8d5a5f075183,ok,,0,cpu-specialized,cold,1,ASIA,1994-01-01,9,False,8,1.0,0.0,0,process,"{""cpu_ratio"":1.0}","[""gpu_memory_monitor"",""load_timing""]",5,542abf4003633c7c,passed,0.0,55.6415,0.0,0.0,4.72426,0.0,0.0,0.0,60.4628,380.10092778131366,6001215,7243,6001215,0,0,0,0,305319936,0,99254665.67873138,logs/87a2d2ca-db05-4052-a1e4-8d5a5f075183.stdout.txt,logs/87a2d2ca-db05-4052-a1e4-8d5a5f075183.stderr.txt,2026-07-13T19:08:07.207451Z,2026-07-13T19:08:07.587559Z
1,v5-sf1-final,58a4e57e-ddf3-4609-b9ba-d432e5430184,ok,,0,cpu-specialized,cold,1,ASIA,1994-01-01,0,False,16,1.0,0.0,0,process,"{""cpu_ratio"":1.0}","[""gpu_memory_monitor"",""load_timing""]",5,542abf4003633c7c,passed,0.0,55.5792,0.0,0.0,3.78448,0.0,0.0,0.0,59.4631,380.2018379792571,6001215,7243,6001215,0,0,0,0,292868096,0,100923345.73878591,logs/58a4e57e-ddf3-4609-b9ba-d432e5430184.stdout.txt,logs/58a4e57e-ddf3-4609-b9ba-d432e5430184.stderr.txt,2026-07-13T19:08:08.854464Z,2026-07-13T19:08:09.234674Z
1,v5-sf1-final,9332097d-25cc-4cdc-a24c-39fce79a444c,ok,,0,cpu-specialized,cold,1,ASIA,1994-01-01,1,False,16,1.0,0.0,0,process,"{""cpu_ratio"":1.0}","[""gpu_memory_monitor"",""load_timing""]",5,542abf4003633c7c,passed,0.0,60.8353,0.0,0.0,3.6629,0.0,0.0,0.0,64.6205,504.9394513480365,6001215,7243,6001215,0,0,0,0,315015168,0,92868594.33152017,logs/9332097d-25cc-4cdc-a24c-39fce79a444c.stdout.txt,logs/9332097d-25cc-4cdc-a24c-39fce79a444c.stderr.txt,2026-07-13T19:08:09.235103Z,2026-07-13T19:08:09.740051Z
1,v5-sf1-final,fd9383a3-eff6-4957-8a77-64647bfd17b5,ok,,0,cpu-specialized,cold,1,ASIA,1994-01-01,2,False,16,1.0,0.0,0,process,"{""cpu_ratio"":1.0}","[""gpu_memory_monitor"",""load_timing""]",5,542abf4003633c7c,passed,0.0,57.365,0.0,0.0,3.54916,0.0,0.0,0.0,61.0181,506.4921290613711,6001215,7243,6001215,0,0,0,0,292954112,0,98351390.81682321,logs/fd9383a3-eff6-4957-8a77-64647bfd17b5.stdout.txt,logs/fd9383a3-eff6-4957-8a77-64647bfd17b5.stderr.txt,2026-07-13T19:08:09.740478Z,2026-07-13T19:08:10.246978Z
1,v5-sf1-final,172f7213-e160-496c-886e-693037b9f202,ok,,0,cpu-specialized,cold,1,ASIA,1994-01-01,3,False,16,1.0,0.0,0,process,"{""cpu_ratio"":1.0}","[""gpu_memory_monitor"",""load_timing""]",5,542abf4003633c7c,passed,0.0,56.5917,0.0,0.0,3.4646,0.0,0.0,0.0,60.1626,380.5724992416799,6001215,7243,6001215,0,0,0,0,242692096,0,99749927.695944,logs/172f7213-e160-496c-886e-693037b9f202.stdout.txt,logs/172f7213-e160-496c-886e-693037b9f202.stderr.txt,2026-07-13T19:08:10.247403Z,2026-07-13T19:08:10.627984Z
1,v5-sf1-final,c6b7c070-d41b-4edd-b55b-1deb7e9326ff,ok,,0,cpu-specialized,cold,1,ASIA,1994-01-01,4,False,16,1.0,0.0,0,process,"{""cpu_ratio"":1.0}","[""gpu_memory_monitor"",""load_timing""]",5,542abf4003633c7c,passed,0.0,56.0826,0.0,0.0,3.73759,0.0,0.0,0.0,59.9286,381.14325096830726,6001215,7243,6001215,0,0,0,0,212058112,0,100139415.90492685,logs/c6b7c070-d41b-4edd-b55b-1deb7e9326ff.stdout.txt,logs/c6b7c070-d41b-4edd-b55b-1deb7e9326ff.stderr.txt,2026-07-13T19:08:10.628413Z,2026-07-13T19:08:11.009564Z
1,v5-sf1-final,94ae73fc-829b-4a4f-984e-34e216c9033d,ok,,0,cpu-specialized,cold,1,ASIA,1994-01-01,5,False,16,1.0,0.0,0,process,"{""cpu_ratio"":1.0}","[""gpu_memory_monitor"",""load_timing""]",5,542abf4003633c7c,passed,0.0,57.2653,0.0,0.0,3.61343,0.0,0.0,0.0,60.984,378.7248278968036,6001215,7243,6001215,0,0,0,0,228868096,0,98406385.28138527,logs/94ae73fc-829b-4a4f-984e-34e216c9033d.stdout.txt,logs/94ae73fc-829b-4a4f-984e-34e216c9033d.stderr.txt,2026-07-13T19:08:11.009991Z,2026-07-13T19:08:11.388724Z
1,v5-sf1-final,e2c011b7-3a65-4b4f-aabf-8cc57f59586a,ok,,0,cpu-specialized,cold,1,ASIA,1994-01-01,6,False,16,1.0,0.0,0,process,"{""cpu_ratio"":1.0}","[""gpu_memory_monitor"",""load_timing""]",5,542abf4003633c7c,passed,0.0,57.88,0.0,0.0,3.82222,0.0,0.0,0.0,61.8107,381.42671389505267,6001215,7243,6001215,0,0,0,0,201588736,0,97090228.71444589,logs/e2c011b7-3a65-4b4f-aabf-8cc57f59586a.stdout.txt,logs/e2c011b7-3a65-4b4f-aabf-8cc57f59586a.stderr.txt,2026-07-13T19:08:11.389163Z,2026-07-13T19:08:11.770598Z
1,v5-sf1-final,1a8a989d-d1ba-4c40-a953-b93a07aa71dd,ok,,0,cpu-specialized,cold,1,ASIA,1994-01-01,7,False,16,1.0,0.0,0,process,"{""cpu_ratio"":1.0}","[""gpu_memory_monitor"",""load_timing""]",5,542abf4003633c7c,passed,0.0,60.7278,0.0,0.0,3.71239,0.0,0.0,0.0,64.554,510.6568746268749,6001215,7243,6001215,0,0,0,0,315080704,0,92964262.47792545,logs/1a8a989d-d1ba-4c40-a953-b93a07aa71dd.stdout.txt,logs/1a8a989d-d1ba-4c40-a953-b93a07aa71dd.stderr.txt,2026-07-13T19:08:11.771029Z,2026-07-13T19:08:12.281694Z
1,v5-sf1-final,34ee3e75-e45f-47fa-bc86-553c9d5b46dd,ok,,0,cpu-specialized,cold,1,ASIA,1994-01-01,8,False,16,1.0,0.0,0,process,"{""cpu_ratio"":1.0}","[""gpu_memory_monitor"",""load_timing""]",5,542abf4003633c7c,passed,0.0,61.235,0.0,0.0,3.56737,0.0,0.0,0.0,64.927,508.7725413031876,6001215,7243,6001215,0,0,0,0,309633024,0,92430190.82970104,logs/34ee3e75-e45f-47fa-bc86-553c9d5b46dd.stdout.txt,logs/34ee3e75-e45f-47fa-bc86-553c9d5b46dd.stderr.txt,2026-07-13T19:08:12.282125Z,2026-07-13T19:08:12.790905Z
1,v5-sf1-final,dbab4828-4296-48d0-8e48-619a0acc035f,ok,,0,cpu-specialized,cold,1,ASIA,1994-01-01,9,False,16,1.0,0.0,0,process,"{""cpu_ratio"":1.0}","[""gpu_memory_monitor"",""load_timing""]",5,542abf4003633c7c,passed,0.0,60.1182,0.0,0.0,3.78686,0.0,0.0,0.0,64.0366,380.03571424633265,6001215,7243,6001215,0,0,0,0,315097088,0,93715390.88583715,logs/dbab4828-4296-48d0-8e48-619a0acc035f.stdout.txt,logs/dbab4828-4296-48d0-8e48-619a0acc035f.stderr.txt,2026-07-13T19:08:12.791340Z,2026-07-13T19:08:13.171384Z
1,v5-sf1-final,c448ed6e-b36a-4701-88e1-85e48f83ccc5,ok,,0,cpu-specialized,cold,1,ASIA,1994-01-01,0,False,32,1.0,0.0,0,process,"{""cpu_ratio"":1.0}","[""gpu_memory_monitor"",""load_timing""]",5,542abf4003633c7c,passed,0.0,61.5489,0.0,0.0,3.84989,0.0,0.0,0.0,65.5285,506.9542722776532,6001215,7243,6001215,0,0,0,0,339255296,0,91581754.50376554,logs/c448ed6e-b36a-4701-88e1-85e48f83ccc5.stdout.txt,logs/c448ed6e-b36a-4701-88e1-85e48f83ccc5.stderr.txt,2026-07-13T19:08:14.438690Z,2026-07-13T19:08:14.945653Z
1,v5-sf1-final,efe0f035-4e39-4408-b94a-8ed45090e389,ok,,0,cpu-specialized,cold,1,ASIA,1994-01-01,1,False,32,1.0,0.0,0,process,"{""cpu_ratio"":1.0}","[""gpu_memory_monitor"",""load_timing""]",5,542abf4003633c7c,passed,0.0,60.9432,0.0,0.0,4.02089,0.0,0.0,0.0,65.0905,505.6298030540347,6001215,7243,6001215,0,0,0,0,320065536,0,92198016.60764627,logs/efe0f035-4e39-4408-b94a-8ed45090e389.stdout.txt,logs/efe0f035-4e39-4408-b94a-8ed45090e389.stderr.txt,2026-07-13T19:08:14.946070Z,2026-07-13T19:08:15.451708Z
1,v5-sf1-final,fc99c69d-6fc9-4551-8062-1bcc53d7160b,ok,,0,cpu-specialized,cold,1,ASIA,1994-01-01,2,False,32,1.0,0.0,0,process,"{""cpu_ratio"":1.0}","[""gpu_memory_monitor"",""load_timing""]",5,542abf4003633c7c,passed,0.0,59.4921,0.0,0.0,3.85979,0.0,0.0,0.0,63.4723,379.64791199192405,6001215,7243,6001215,0,0,0,0,307404800,0,94548566.85514784,logs/fc99c69d-6fc9-4551-8062-1bcc53d7160b.stdout.txt,logs/fc99c69d-6fc9-4551-8062-1bcc53d7160b.stderr.txt,2026-07-13T19:08:15.452130Z,2026-07-13T19:08:15.831785Z
1,v5-sf1-final,8e208cdd-05b1-4dd5-be1c-e0c45c313c1c,ok,,0,cpu-specialized,cold,1,ASIA,1994-01-01,3,False,32,1.0,0.0,0,process,"{""cpu_ratio"":1.0}","[""gpu_memory_monitor"",""load_timing""]",5,542abf4003633c7c,passed,0.0,56.5007,0.0,0.0,3.99045,0.0,0.0,0.0,60.6102,504.7927820123732,6001215,7243,6001215,0,0,0,0,296259584,0,99013284.89264183,logs/8e208cdd-05b1-4dd5-be1c-e0c45c313c1c.stdout.txt,logs/8e208cdd-05b1-4dd5-be1c-e0c45c313c1c.stderr.txt,2026-07-13T19:08:15.832216Z,2026-07-13T19:08:16.337017Z
1,v5-sf1-final,96a1d284-5931-405d-a0db-2a793b415f60,ok,,0,cpu-specialized,cold,1,ASIA,1994-01-01,4,False,32,1.0,0.0,0,process,"{""cpu_ratio"":1.0}","[""gpu_memory_monitor"",""load_timing""]",5,542abf4003633c7c,passed,0.0,58.2806,0.0,0.0,4.11926,0.0,0.0,0.0,62.5128,506.58700009807944,6001215,7243,6001215,0,0,0,0,303587328,0,95999779.24521059,logs/96a1d284-5931-405d-a0db-2a793b415f60.stdout.txt,logs/96a1d284-5931-405d-a0db-2a793b415f60.stderr.txt,2026-07-13T19:08:16.337440Z,2026-07-13T19:08:16.844035Z
1,v5-sf1-final,9c5f103e-7cb2-4c21-9fd9-3793544337d2,ok,,0,cpu-specialized,cold,1,ASIA,1994-01-01,5,False,32,1.0,0.0,0,process,"{""cpu_ratio"":1.0}","[""gpu_memory_monitor"",""load_timing""]",5,542abf4003633c7c,passed,0.0,57.11,0.0,0.0,4.31498,0.0,0.0,0.0,61.5386,381.34076772257686,6001215,7243,6001215,0,0,0,0,258416640,0,97519524.33107024,logs/9c5f103e-7cb2-4c21-9fd9-3793544337d2.stdout.txt,logs/9c5f103e-7cb2-4c21-9fd9-3793544337d2.stderr.txt,2026-07-13T19:08:16.844462Z,2026-07-13T19:08:17.225811Z
1,v5-sf1-final,fabf6c3c-e073-4030-9b61-9b0d367d5cf3,ok,,0,cpu-specialized,cold,1,ASIA,1994-01-01,6,False,32,1.0,0.0,0,process,"{""cpu_ratio"":1.0}","[""gpu_memory_monitor"",""load_timing""]",5,542abf4003633c7c,passed,0.0,57.7601,0.0,0.0,3.94982,0.0,0.0,0.0,61.83,379.2291251011193,6001215,7243,6001215,0,0,0,0,270032896,0,97059922.36778264,logs/fabf6c3c-e073-4030-9b61-9b0d367d5cf3.stdout.txt,logs/fabf6c3c-e073-4030-9b61-9b0d367d5cf3.stderr.txt,2026-07-13T19:08:17.226233Z,2026-07-13T19:08:17.605470Z
1,v5-sf1-final,41b258a1-a358-4e4a-8c23-8bf7ec40988b,ok,,0,cpu-specialized,cold,1,ASIA,1994-01-01,7,False,32,1.0,0.0,0,process,"{""cpu_ratio"":1.0}","[""gpu_memory_monitor"",""load_timing""]",5,542abf4003633c7c,passed,0.0,59.9606,0.0,0.0,3.75179,0.0,0.0,0.0,63.8299,504.8115071840584,6001215,7243,6001215,0,0,0,0,315080704,0,94018868.89999828,logs/41b258a1-a358-4e4a-8c23-8bf7ec40988b.stdout.txt,logs/41b258a1-a358-4e4a-8c23-8bf7ec40988b.stderr.txt,2026-07-13T19:08:17.605906Z,2026-07-13T19:08:18.110725Z
1,v5-sf1-final,fd9d9f57-0740-4fb9-a905-f5448170efcd,ok,,0,cpu-specialized,cold,1,ASIA,1994-01-01,8,False,32,1.0,0.0,0,process,"{""cpu_ratio"":1.0}","[""gpu_memory_monitor"",""load_timing""]",5,542abf4003633c7c,passed,0.0,57.0783,0.0,0.0,3.89594,0.0,0.0,0.0,61.0873,506.00192323327065,6001215,7243,6001215,0,0,0,0,315052032,0,98239977.86774011,logs/fd9d9f57-0740-4fb9-a905-f5448170efcd.stdout.txt,logs/fd9d9f57-0740-4fb9-a905-f5448170efcd.stderr.txt,2026-07-13T19:08:18.111151Z,2026-07-13T19:08:18.617161Z
1,v5-sf1-final,11a294dc-d5e1-45d7-912f-ab854c1b22df,ok,,0,cpu-specialized,cold,1,ASIA,1994-01-01,9,False,32,1.0,0.0,0,process,"{""cpu_ratio"":1.0}","[""gpu_memory_monitor"",""load_timing""]",5,542abf4003633c7c,passed,0.0,56.0352,0.0,0.0,3.79098,0.0,0.0,0.0,59.9341,379.07965993508697,6001215,7243,6001215,0,0,0,0,232820736,0,100130226.36529121,logs/11a294dc-d5e1-45d7-912f-ab854c1b22df.stdout.txt,logs/11a294dc-d5e1-45d7-912f-ab854c1b22df.stderr.txt,2026-07-13T19:08:18.617634Z,2026-07-13T19:08:18.996722Z
1,v5-sf1-final,f076030b-2d2e-4797-bf03-aeda224f8711,ok,,0,cudf,cold,1,ASIA,1994-01-01,0,False,1,0.0,1.0,0,process,"{""cpu_ratio"":0.0}","[""gpu_memory_monitor""]",5,542abf4003633c7c,passed,1319.687875,0.0,0.0,0.0,0.0,0.0,0.0,0.0,114.609581,3677.1686179563403,6001215,7243,0,6001215,0,0,0,1170104320,0,52362245.35189601,logs/f076030b-2d2e-4797-bf03-aeda224f8711.stdout.txt,logs/f076030b-2d2e-4797-bf03-aeda224f8711.stderr.txt,2026-07-13T19:08:29.928847Z,2026-07-13T19:08:33.606025Z
1,v5-sf1-final,2db9209c-abfc-4166-91c0-164a5d5f9471,ok,,0,cudf,cold,1,ASIA,1994-01-01,1,False,1,0.0,1.0,0,process,"{""cpu_ratio"":0.0}","[""gpu_memory_monitor""]",5,542abf4003633c7c,passed,1327.751771,0.0,0.0,0.0,0.0,0.0,0.0,0.0,111.583842,3599.269464146346,6001215,7243,0,6001215,0,0,0,1164918784,0,53782114.797588706,logs/2db9209c-abfc-4166-91c0-164a5d5f9471.stdout.txt,logs/2db9209c-abfc-4166-91c0-164a5d5f9471.stderr.txt,2026-07-13T19:08:33.606456Z,2026-07-13T19:08:37.205733Z
1,v5-sf1-final,3c6d0b6d-db3f-460b-85fe-dcb1520e8fbc,ok,,0,cudf,cold,1,ASIA,1994-01-01,2,False,1,0.0,1.0,0,process,"{""cpu_ratio"":0.0}","[""gpu_memory_monitor""]",5,542abf4003633c7c,passed,1300.529496,0.0,0.0,0.0,0.0,0.0,0.0,0.0,117.544241,3704.9133558757603,6001215,7243,0,6001215,0,0,0,1189502976,0,51054947.047554635,logs/3c6d0b6d-db3f-460b-85fe-dcb1520e8fbc.stdout.txt,logs/3c6d0b6d-db3f-460b-85fe-dcb1520e8fbc.stderr.txt,2026-07-13T19:08:37.206164Z,2026-07-13T19:08:40.911086Z
1,v5-sf1-final,db32ba65-1cc3-4792-8d92-cf02171c366b,ok,,0,cudf,cold,1,ASIA,1994-01-01,3,False,1,0.0,1.0,0,process,"{""cpu_ratio"":0.0}","[""gpu_memory_monitor""]",5,542abf4003633c7c,passed,1312.954637,0.0,0.0,0.0,0.0,0.0,0.0,0.0,115.441339,3730.369996279478,6001215,7243,0,6001215,0,0,0,1177325568,0,51984973.94421248,logs/db32ba65-1cc3-4792-8d92-cf02171c366b.stdout.txt,logs/db32ba65-1cc3-4792-8d92-cf02171c366b.stderr.txt,2026-07-13T19:08:40.911528Z,2026-07-13T19:08:44.641906Z
1,v5-sf1-final,fd802033-18b0-42ab-9e86-13ee1e06d6b1,ok,,0,cudf,cold,1,ASIA,1994-01-01,4,False,1,0.0,1.0,0,process,"{""cpu_ratio"":0.0}","[""gpu_memory_monitor""]",5,542abf4003633c7c,passed,1293.841932,0.0,0.0,0.0,0.0,0.0,0.0,0.0,112.587277,3656.0090892016888,6001215,7243,0,6001215,0,0,0,1179697152,0,53302781.27252336,logs/fd802033-18b0-42ab-9e86-13ee1e06d6b1.stdout.txt,logs/fd802033-18b0-42ab-9e86-13ee1e06d6b1.stderr.txt,2026-07-13T19:08:44.642349Z,2026-07-13T19:08:48.298367Z
1,v5-sf1-final,a8c10c23-c0de-46da-a7a6-fe158b306b04,ok,,0,cudf,cold,1,ASIA,1994-01-01,5,False,1,0.0,1.0,0,process,"{""cpu_ratio"":0.0}","[""gpu_memory_monitor""]",5,542abf4003633c7c,passed,1319.637386,0.0,0.0,0.0,0.0,0.0,0.0,0.0,117.573641,3687.5935909338295,6001215,7243,0,6001215,0,0,0,1173499904,0,51042180.44927264,logs/a8c10c23-c0de-46da-a7a6-fe158b306b04.stdout.txt,logs/a8c10c23-c0de-46da-a7a6-fe158b306b04.stderr.txt,2026-07-13T19:08:48.298851Z,2026-07-13T19:08:51.986453Z
1,v5-sf1-final,fca32a61-0716-40a1-9d4d-d0c149f7a986,ok,,0,cudf,cold,1,ASIA,1994-01-01,6,False,1,0.0,1.0,0,process,"{""cpu_ratio"":0.0}","[""gpu_memory_monitor""]",5,542abf4003633c7c,passed,1302.204612,0.0,0.0,0.0,0.0,0.0,0.0,0.0,120.369865,3667.1244660392404,6001215,7243,0,6001215,0,0,0,1190121472,0,49856457.0127249,logs/fca32a61-0716-40a1-9d4d-d0c149f7a986.stdout.txt,logs/fca32a61-0716-40a1-9d4d-d0c149f7a986.stderr.txt,2026-07-13T19:08:51.986896Z,2026-07-13T19:08:55.654029Z
1,v5-sf1-final,1335c9cb-79af-4731-81be-b2039e7c29f9,ok,,0,cudf,cold,1,ASIA,1994-01-01,7,False,1,0.0,1.0,0,process,"{""cpu_ratio"":0.0}","[""gpu_memory_monitor""]",5,542abf4003633c7c,passed,1296.66137,0.0,0.0,0.0,0.0,0.0,0.0,0.0,109.730037,3666.7138431221247,6001215,7243,0,6001215,0,0,0,1173159936,0,54690722.46827002,logs/1335c9cb-79af-4731-81be-b2039e7c29f9.stdout.txt,logs/1335c9cb-79af-4731-81be-b2039e7c29f9.stderr.txt,2026-07-13T19:08:55.654466Z,2026-07-13T19:08:59.321188Z
1,v5-sf1-final,8a99e259-0310-44be-a231-2d0d1b39a9f4,ok,,0,cudf,cold,1,ASIA,1994-01-01,8,False,1,0.0,1.0,0,process,"{""cpu_ratio"":0.0}","[""gpu_memory_monitor""]",5,542abf4003633c7c,passed,1318.569729,0.0,0.0,0.0,0.0,0.0,0.0,0.0,117.412497,3695.0739207677543,6001215,7243,0,6001215,0,0,0,1173745664,0,51112233.819539666,logs/8a99e259-0310-44be-a231-2d0d1b39a9f4.stdout.txt,logs/8a99e259-0310-44be-a231-2d0d1b39a9f4.stderr.txt,2026-07-13T19:08:59.321643Z,2026-07-13T19:09:03.016725Z
1,v5-sf1-final,ce78f214-0af8-49d6-8298-4a6211c0f8ca,ok,,0,cudf,cold,1,ASIA,1994-01-01,9,False,1,0.0,1.0,0,process,"{""cpu_ratio"":0.0}","[""gpu_memory_monitor""]",5,542abf4003633c7c,passed,1324.724085,0.0,0.0,0.0,0.0,0.0,0.0,0.0,125.130309,3702.84704817459,6001215,7243,0,6001215,0,0,0,1187840000,0,47959723.33129937,logs/ce78f214-0af8-49d6-8298-4a6211c0f8ca.stdout.txt,logs/ce78f214-0af8-49d6-8298-4a6211c0f8ca.stderr.txt,2026-07-13T19:09:03.017163Z,2026-07-13T19:09:06.720018Z
1,v5-sf1-final,28b43e28-57c1-4b38-8fec-4ff2890e9e56,ok,,0,gpu-copy,cold,1,ASIA,1994-01-01,0,False,1,0.0,1.0,0,process,"{""cpu_ratio"":0.0}","[""gpu_memory_monitor"",""load_timing""]",5,542abf4003633c7c,passed,0.0,179.071,0.0,6.53331,0.0,1.31798,0.034784,0.0,306.932,1017.5858940929174,6001215,7243,0,6001215,144064308,212,0,544350208,0,19552262.390366595,logs/28b43e28-57c1-4b38-8fec-4ff2890e9e56.stdout.txt,logs/28b43e28-57c1-4b38-8fec-4ff2890e9e56.stderr.txt,2026-07-13T19:09:09.761331Z,2026-07-13T19:09:10.778925Z
1,v5-sf1-final,1f0ad34f-959d-40ca-8e1e-9c965dd51fc5,ok,,0,gpu-copy,cold,1,ASIA,1994-01-01,1,False,1,0.0,1.0,0,process,"{""cpu_ratio"":0.0}","[""gpu_memory_monitor"",""load_timing""]",5,542abf4003633c7c,passed,0.0,181.792,0.0,6.4809,0.0,1.33734,0.03424,0.0,322.124,1008.538561873138,6001215,7243,0,6001215,144064308,212,0,544440320,0,18630139.32522879,logs/1f0ad34f-959d-40ca-8e1e-9c965dd51fc5.stdout.txt,logs/1f0ad34f-959d-40ca-8e1e-9c965dd51fc5.stderr.txt,2026-07-13T19:09:10.779355Z,2026-07-13T19:09:11.787901Z
1,v5-sf1-final,228d298b-fba9-4ac5-b49e-993332f2f58d,ok,,0,gpu-copy,cold,1,ASIA,1994-01-01,2,False,1,0.0,1.0,0,process,"{""cpu_ratio"":0.0}","[""gpu_memory_monitor"",""load_timing""]",5,542abf4003633c7c,passed,0.0,174.363,0.0,6.45232,0.0,1.36275,0.035168,0.0,303.36,1005.77173801139,6001215,7243,0,6001215,144064308,212,0,544522240,0,19782486.15506329,logs/228d298b-fba9-4ac5-b49e-993332f2f58d.stdout.txt,logs/228d298b-fba9-4ac5-b49e-993332f2f58d.stderr.txt,2026-07-13T19:09:11.788332Z,2026-07-13T19:09:12.794112Z
1,v5-sf1-final,05b705ec-6171-4cea-b0a9-0bfec5127259,ok,,0,gpu-copy,cold,1,ASIA,1994-01-01,3,False,1,0.0,1.0,0,process,"{""cpu_ratio"":0.0}","[""gpu_memory_monitor"",""load_timing""]",5,542abf4003633c7c,passed,0.0,181.498,0.0,6.52698,0.0,1.34963,0.034656,0.0,321.72,1006.5287663601339,6001215,7243,0,6001215,144064308,212,0,544354304,0,18653534.12905632,logs/05b705ec-6171-4cea-b0a9-0bfec5127259.stdout.txt,logs/05b705ec-6171-4cea-b0a9-0bfec5127259.stderr.txt,2026-07-13T19:09:12.794586Z,2026-07-13T19:09:13.801123Z
1,v5-sf1-final,26e11c62-4b68-4c42-bc1c-3b9b56c3d79d,ok,,0,gpu-copy,cold,1,ASIA,1994-01-01,4,False,1,0.0,1.0,0,process,"{""cpu_ratio"":0.0}","[""gpu_memory_monitor"",""load_timing""]",5,542abf4003633c7c,passed,0.0,179.691,0.0,6.56602,0.0,1.34656,0.035584,0.0,311.497,1006.327501963824,6001215,7243,0,6001215,144064308,212,0,544464896,0,19265723.2653926,logs/26e11c62-4b68-4c42-bc1c-3b9b56c3d79d.stdout.txt,logs/26e11c62-4b68-4c42-bc1c-3b9b56c3d79d.stderr.txt,2026-07-13T19:09:13.801591Z,2026-07-13T19:09:14.807927Z
1,v5-sf1-final,68f83606-15ee-4372-b144-759527bb02b1,ok,,0,gpu-copy,cold,1,ASIA,1994-01-01,5,False,1,0.0,1.0,0,process,"{""cpu_ratio"":0.0}","[""gpu_memory_monitor"",""load_timing""]",5,542abf4003633c7c,passed,0.0,177.861,0.0,6.54131,0.0,1.34758,0.034592,0.0,310.207,1009.58181777969,6001215,7243,0,6001215,144064308,212,0,544538624,0,19345840.03584703,logs/68f83606-15ee-4372-b144-759527bb02b1.stdout.txt,logs/68f83606-15ee-4372-b144-759527bb02b1.stderr.txt,2026-07-13T19:09:14.808357Z,2026-07-13T19:09:15.817947Z
1,v5-sf1-final,871d3e5f-0fc6-48df-8d68-d54f57d1963f,ok,,0,gpu-copy,cold,1,ASIA,1994-01-01,6,False,1,0.0,1.0,0,process,"{""cpu_ratio"":0.0}","[""gpu_memory_monitor"",""load_timing""]",5,542abf4003633c7c,passed,0.0,182.299,0.0,6.55126,0.0,1.35168,0.0352,0.0,318.342,1006.1787338927388,6001215,7243,0,6001215,144064308,212,0,544407552,0,18851471.059426654,logs/871d3e5f-0fc6-48df-8d68-d54f57d1963f.stdout.txt,logs/871d3e5f-0fc6-48df-8d68-d54f57d1963f.stderr.txt,2026-07-13T19:09:15.818374Z,2026-07-13T19:09:16.824561Z
1,v5-sf1-final,8f1ce3a9-3ada-4995-b114-ac8b00b98c4d,ok,,0,gpu-copy,cold,1,ASIA,1994-01-01,7,False,1,0.0,1.0,0,process,"{""cpu_ratio"":0.0}","[""gpu_memory_monitor"",""load_timing""]",5,542abf4003633c7c,passed,0.0,178.999,0.0,6.52403,0.0,1.34432,0.035392,0.0,313.552,1009.400712326169,6001215,7243,0,6001215,144064308,212,0,544456704,0,19139456.932183497,logs/8f1ce3a9-3ada-4995-b114-ac8b00b98c4d.stdout.txt,logs/8f1ce3a9-3ada-4995-b114-ac8b00b98c4d.stderr.txt,2026-07-13T19:09:16.825000Z,2026-07-13T19:09:17.834409Z
1,v5-sf1-final,76103f95-6004-4aed-810a-febc185ef0ca,ok,,0,gpu-copy,cold,1,ASIA,1994-01-01,8,False,1,0.0,1.0,0,process,"{""cpu_ratio"":0.0}","[""gpu_memory_monitor"",""load_timing""]",5,542abf4003633c7c,passed,0.0,186.515,0.0,6.48602,0.0,1.34656,0.03456,0.0,314.75,1020.0826390646398,6001215,7243,0,6001215,144064308,212,0,544456704,0,19066608.41938046,logs/76103f95-6004-4aed-810a-febc185ef0ca.stdout.txt,logs/76103f95-6004-4aed-810a-febc185ef0ca.stderr.txt,2026-07-13T19:09:17.834883Z,2026-07-13T19:09:18.854974Z
1,v5-sf1-final,cfdb35a0-07b4-40f3-8cf1-9de91a9fcfc1,ok,,0,gpu-copy,cold,1,ASIA,1994-01-01,9,False,1,0.0,1.0,0,process,"{""cpu_ratio"":0.0}","[""gpu_memory_monitor"",""load_timing""]",5,542abf4003633c7c,passed,0.0,179.36,0.0,6.51344,0.0,1.33632,0.034464,0.0,321.752,1011.0551370307803,6001215,7243,0,6001215,144064308,212,0,544481280,0,18651678.932842687,logs/cfdb35a0-07b4-40f3-8cf1-9de91a9fcfc1.stdout.txt,logs/cfdb35a0-07b4-40f3-8cf1-9de91a9fcfc1.stderr.txt,2026-07-13T19:09:18.855424Z,2026-07-13T19:09:19.866487Z
1,v5-sf1-final,ffcac485-87b0-4cfa-a0c4-2bca59855be1,ok,,0,gpu-managed,cold,1,ASIA,1994-01-01,0,False,1,0.0,1.0,0,process,"{""cpu_ratio"":0.0}","[""gpu_memory_monitor"",""load_timing""]",5,542abf4003633c7c,passed,0.0,227.113,0.0,6.68758,0.0,1.34656,0.109568,0.0,355.859,1004.2664189822972,6001215,7243,0,6001215,144064520,212,0,543154176,0,16864024.796337876,logs/ffcac485-87b0-4cfa-a0c4-2bca59855be1.stdout.txt,logs/ffcac485-87b0-4cfa-a0c4-2bca59855be1.stderr.txt,2026-07-13T19:09:22.889063Z,2026-07-13T19:09:23.893337Z
1,v5-sf1-final,57ee9694-c176-4a20-b0c1-89ff252042d8,ok,,0,gpu-managed,cold,1,ASIA,1994-01-01,1,False,1,0.0,1.0,0,process,"{""cpu_ratio"":0.0}","[""gpu_memory_monitor"",""load_timing""]",5,542abf4003633c7c,passed,0.0,229.739,0.0,6.38362,0.0,1.3361,0.106496,0.0,372.346,1006.5049389377236,6001215,7243,0,6001215,144064520,212,0,536285184,0,16117307.55802399,logs/57ee9694-c176-4a20-b0c1-89ff252042d8.stdout.txt,logs/57ee9694-c176-4a20-b0c1-89ff252042d8.stderr.txt,2026-07-13T19:09:23.893811Z,2026-07-13T19:09:24.900324Z
1,v5-sf1-final,483ef1a4-0305-43d9-b9a9-9f04d0927e30,ok,,0,gpu-managed,cold,1,ASIA,1994-01-01,2,False,1,0.0,1.0,0,process,"{""cpu_ratio"":0.0}","[""gpu_memory_monitor"",""load_timing""]",5,542abf4003633c7c,passed,0.0,227.47,0.0,6.36595,0.0,1.35782,0.106496,0.0,370.07,1007.7697238884866,6001215,7243,0,6001215,144064520,212,0,543408128,0,16216432.026373388,logs/483ef1a4-0305-43d9-b9a9-9f04d0927e30.stdout.txt,logs/483ef1a4-0305-43d9-b9a9-9f04d0927e30.stderr.txt,2026-07-13T19:09:24.900798Z,2026-07-13T19:09:25.908576Z
1,v5-sf1-final,19149d87-3b9c-4158-b66d-470db4e27e97,ok,,0,gpu-managed,cold,1,ASIA,1994-01-01,3,False,1,0.0,1.0,0,process,"{""cpu_ratio"":0.0}","[""gpu_memory_monitor"",""load_timing""]",5,542abf4003633c7c,passed,0.0,222.585,0.0,6.39386,0.0,1.3312,0.11664,0.0,367.276,1006.6476766951382,6001215,7243,0,6001215,144064520,212,0,543465472,0,16339796.229538549,logs/19149d87-3b9c-4158-b66d-470db4e27e97.stdout.txt,logs/19149d87-3b9c-4158-b66d-470db4e27e97.stderr.txt,2026-07-13T19:09:25.909005Z,2026-07-13T19:09:26.915660Z
1,v5-sf1-final,a66dc74c-dbe5-412c-9f9a-c30eeda93580,ok,,0,gpu-managed,cold,1,ASIA,1994-01-01,4,False,1,0.0,1.0,0,process,"{""cpu_ratio"":0.0}","[""gpu_memory_monitor"",""load_timing""]",5,542abf4003633c7c,passed,0.0,215.818,0.0,6.41638,0.0,1.3527,0.10752,0.0,354.866,1012.4738831073046,6001215,7243,0,6001215,144064520,212,0,544428032,0,16911214.373876337,logs/a66dc74c-dbe5-412c-9f9a-c30eeda93580.stdout.txt,logs/a66dc74c-dbe5-412c-9f9a-c30eeda93580.stderr.txt,2026-07-13T19:09:26.916091Z,2026-07-13T19:09:27.928573Z
1,v5-sf1-final,0bdb6796-7d79-4a8a-9969-48514a7cb177,ok,,0,gpu-managed,cold,1,ASIA,1994-01-01,5,False,1,0.0,1.0,0,process,"{""cpu_ratio"":0.0}","[""gpu_memory_monitor"",""load_timing""]",5,542abf4003633c7c,passed,0.0,217.393,0.0,6.39283,0.0,1.32096,0.105472,0.0,350.511,1006.7184860818088,6001215,7243,0,6001215,144064520,212,0,544436224,0,17121331.427544355,logs/0bdb6796-7d79-4a8a-9969-48514a7cb177.stdout.txt,logs/0bdb6796-7d79-4a8a-9969-48514a7cb177.stderr.txt,2026-07-13T19:09:27.928999Z,2026-07-13T19:09:28.935726Z
1,v5-sf1-final,24d5806b-5a1a-4026-a59a-03038ad475fa,ok,,0,gpu-managed,cold,1,ASIA,1994-01-01,6,False,1,0.0,1.0,0,process,"{""cpu_ratio"":0.0}","[""gpu_memory_monitor"",""load_timing""]",5,542abf4003633c7c,passed,0.0,223.39,0.0,6.45216,0.0,1.34352,0.114688,0.0,364.587,1008.8265710510314,6001215,7243,0,6001215,144064520,212,0,543072256,0,16460309.884883445,logs/24d5806b-5a1a-4026-a59a-03038ad475fa.stdout.txt,logs/24d5806b-5a1a-4026-a59a-03038ad475fa.stderr.txt,2026-07-13T19:09:28.936155Z,2026-07-13T19:09:29.944990Z
1,v5-sf1-final,01b6ea92-55c8-4d48-a08c-d04b713d2c21,ok,,0,gpu-managed,cold,1,ASIA,1994-01-01,7,False,1,0.0,1.0,0,process,"{""cpu_ratio"":0.0}","[""gpu_memory_monitor"",""load_timing""]",5,542abf4003633c7c,passed,0.0,215.381,0.0,6.52288,0.0,1.34646,0.111616,0.0,360.457,1005.8214720338583,6001215,7243,0,6001215,144064520,212,0,544313344,0,16648906.804417726,logs/01b6ea92-55c8-4d48-a08c-d04b713d2c21.stdout.txt,logs/01b6ea92-55c8-4d48-a08c-d04b713d2c21.stderr.txt,2026-07-13T19:09:29.945424Z,2026-07-13T19:09:30.951254Z
1,v5-sf1-final,39bd9fdf-d00b-4958-96b3-efc61040c7dd,ok,,0,gpu-managed,cold,1,ASIA,1994-01-01,8,False,1,0.0,1.0,0,process,"{""cpu_ratio"":0.0}","[""gpu_memory_monitor"",""load_timing""]",5,542abf4003633c7c,passed,0.0,214.49,0.0,6.67955,0.0,1.33734,0.116736,0.0,344.281,1011.677251663059,6001215,7243,0,6001215,144064520,212,0,544387072,0,17431153.621605605,logs/39bd9fdf-d00b-4958-96b3-efc61040c7dd.stdout.txt,logs/39bd9fdf-d00b-4958-96b3-efc61040c7dd.stderr.txt,2026-07-13T19:09:30.951737Z,2026-07-13T19:09:31.963422Z
1,v5-sf1-final,042db466-a315-4fbb-b173-a34e2fa1f6c0,ok,,0,gpu-managed,cold,1,ASIA,1994-01-01,9,False,1,0.0,1.0,0,process,"{""cpu_ratio"":0.0}","[""gpu_memory_monitor"",""load_timing""]",5,542abf4003633c7c,passed,0.0,215.615,0.0,6.43277,0.0,1.36192,0.115712,0.0,352.756,1003.550976049155,6001215,7243,0,6001215,144064520,212,0,544460800,0,17012368.322579917,logs/042db466-a315-4fbb-b173-a34e2fa1f6c0.stdout.txt,logs/042db466-a315-4fbb-b173-a34e2fa1f6c0.stderr.txt,2026-07-13T19:09:31.963896Z,2026-07-13T19:09:32.967455Z
1,v5-sf1-final,eb80a541-3160-4058-ba4f-b715199f6edf,ok,,0,gpu-mapped,cold,1,ASIA,1994-01-01,0,False,1,0.0,1.0,0,process,"{""cpu_ratio"":0.0}","[""gpu_memory_monitor"",""load_timing""]",5,542abf4003633c7c,passed,0.0,187.535,0.0,0.0,0.0,2.67971,0.04272,0.0,403.583,1137.0460717007518,6001215,7243,0,6001215,0,212,96106356,691212288,0,14869840.900137022,logs/eb80a541-3160-4058-ba4f-b715199f6edf.stdout.txt,logs/eb80a541-3160-4058-ba4f-b715199f6edf.stderr.txt,2026-07-13T19:09:36.391384Z,2026-07-13T19:09:37.528438Z
1,v5-sf1-final,1c47c908-f0c7-4f8f-b4aa-c434ed3a35aa,ok,,0,gpu-mapped,cold,1,ASIA,1994-01-01,1,False,1,0.0,1.0,0,process,"{""cpu_ratio"":0.0}","[""gpu_memory_monitor"",""load_timing""]",5,542abf4003633c7c,passed,0.0,185.166,0.0,0.0,0.0,2.68698,0.042848,0.0,406.64,1135.1556750014424,6001215,7243,0,6001215,0,212,96106356,690733056,0,14758053.806807004,logs/1c47c908-f0c7-4f8f-b4aa-c434ed3a35aa.stdout.txt,logs/1c47c908-f0c7-4f8f-b4aa-c434ed3a35aa.stderr.txt,2026-07-13T19:09:37.528879Z,2026-07-13T19:09:38.664043Z
1,v5-sf1-final,f785954d-86fb-4275-b39b-38397bcefa42,ok,,0,gpu-mapped,cold,1,ASIA,1994-01-01,2,False,1,0.0,1.0,0,process,"{""cpu_ratio"":0.0}","[""gpu_memory_monitor"",""load_timing""]",5,542abf4003633c7c,passed,0.0,197.783,0.0,0.0,0.0,2.66125,0.039296,0.0,429.536,1112.3981242999434,6001215,7243,0,6001215,0,212,96106356,655802368,0,13971390.058109216,logs/f785954d-86fb-4275-b39b-38397bcefa42.stdout.txt,logs/f785954d-86fb-4275-b39b-38397bcefa42.stderr.txt,2026-07-13T19:09:38.664468Z,2026-07-13T19:09:39.776874Z
1,v5-sf1-final,ba734bdc-8f8f-49db-ab06-b06e741c99d4,ok,,0,gpu-mapped,cold,1,ASIA,1994-01-01,3,False,1,0.0,1.0,0,process,"{""cpu_ratio"":0.0}","[""gpu_memory_monitor"",""load_timing""]",5,542abf4003633c7c,passed,0.0,199.26,0.0,0.0,0.0,2.68595,0.043648,0.0,421.338,1151.4110988937318,6001215,7243,0,6001215,0,212,96106356,690950144,0,14243232.274326075,logs/ba734bdc-8f8f-49db-ab06-b06e741c99d4.stdout.txt,logs/ba734bdc-8f8f-49db-ab06-b06e741c99d4.stderr.txt,2026-07-13T19:09:39.777300Z,2026-07-13T19:09:40.928719Z
1,v5-sf1-final,f062a6f7-890b-4a44-a005-516f888776f9,ok,,0,gpu-mapped,cold,1,ASIA,1994-01-01,4,False,1,0.0,1.0,0,process,"{""cpu_ratio"":0.0}","[""gpu_memory_monitor"",""load_timing""]",5,542abf4003633c7c,passed,0.0,198.249,0.0,0.0,0.0,2.6839,0.04208,0.0,414.552,1098.4297208487988,6001215,7243,0,6001215,0,212,96106356,592515072,0,14476386.557054361,logs/f062a6f7-890b-4a44-a005-516f888776f9.stdout.txt,logs/f062a6f7-890b-4a44-a005-516f888776f9.stderr.txt,2026-07-13T19:09:40.929167Z,2026-07-13T19:09:42.027605Z
1,v5-sf1-final,dfbf8396-edd9-400f-bc1c-9a1f0af0b8b0,ok,,0,gpu-mapped,cold,1,ASIA,1994-01-01,5,False,1,0.0,1.0,0,process,"{""cpu_ratio"":0.0}","[""gpu_memory_monitor"",""load_timing""]",5,542abf4003633c7c,passed,0.0,192.412,0.0,0.0,0.0,2.67962,0.042816,0.0,411.821,1133.9923846535385,6001215,7243,0,6001215,0,212,96106356,676917248,0,14572387.032230021,logs/dfbf8396-edd9-400f-bc1c-9a1f0af0b8b0.stdout.txt,logs/dfbf8396-edd9-400f-bc1c-9a1f0af0b8b0.stderr.txt,2026-07-13T19:09:42.028041Z,2026-07-13T19:09:43.162042Z
1,v5-sf1-final,684b3592-f886-4b5d-809d-8fb1e00b91ac,ok,,0,gpu-mapped,cold,1,ASIA,1994-01-01,6,False,1,0.0,1.0,0,process,"{""cpu_ratio"":0.0}","[""gpu_memory_monitor"",""load_timing""]",5,542abf4003633c7c,passed,0.0,198.904,0.0,0.0,0.0,2.67776,0.044256,0.0,412.707,1135.9710260294378,6001215,7243,0,6001215,0,212,96106356,687468544,0,14541103.010125829,logs/684b3592-f886-4b5d-809d-8fb1e00b91ac.stdout.txt,logs/684b3592-f886-4b5d-809d-8fb1e00b91ac.stderr.txt,2026-07-13T19:09:43.162480Z,2026-07-13T19:09:44.298459Z
1,v5-sf1-final,9fcfa7b3-6d58-4c22-a0fa-ce9e1465255b,ok,,0,gpu-mapped,cold,1,ASIA,1994-01-01,7,False,1,0.0,1.0,0,process,"{""cpu_ratio"":0.0}","[""gpu_memory_monitor"",""load_timing""]",5,542abf4003633c7c,passed,0.0,202.297,0.0,0.0,0.0,2.68288,0.04288,0.0,430.213,1149.2763981223106,6001215,7243,0,6001215,0,212,96106356,679395328,0,13949404.132371638,logs/9fcfa7b3-6d58-4c22-a0fa-ce9e1465255b.stdout.txt,logs/9fcfa7b3-6d58-4c22-a0fa-ce9e1465255b.stderr.txt,2026-07-13T19:09:44.298908Z,2026-07-13T19:09:45.448193Z
1,v5-sf1-final,1835a931-75c8-42a0-ba08-320dab870e26,ok,,0,gpu-mapped,cold,1,ASIA,1994-01-01,8,False,1,0.0,1.0,0,process,"{""cpu_ratio"":0.0}","[""gpu_memory_monitor"",""load_timing""]",5,542abf4003633c7c,passed,0.0,196.681,0.0,0.0,0.0,2.67568,0.04064,0.0,408.059,1132.8232293017209,6001215,7243,0,6001215,0,212,96106356,674381824,0,14706733.585094312,logs/1835a931-75c8-42a0-ba08-320dab870e26.stdout.txt,logs/1835a931-75c8-42a0-ba08-320dab870e26.stderr.txt,2026-07-13T19:09:45.448647Z,2026-07-13T19:09:46.581478Z
1,v5-sf1-final,609adf40-e06f-4212-8453-8df6b4aea6a1,ok,,0,gpu-mapped,cold,1,ASIA,1994-01-01,9,False,1,0.0,1.0,0,process,"{""cpu_ratio"":0.0}","[""gpu_memory_monitor"",""load_timing""]",5,542abf4003633c7c,passed,0.0,190.956,0.0,0.0,0.0,2.68378,0.043552,0.0,411.644,1124.3373560719192,6001215,7243,0,6001215,0,212,96106356,678842368,0,14578652.913682697,logs/609adf40-e06f-4212-8453-8df6b4aea6a1.stdout.txt,logs/609adf40-e06f-4212-8453-8df6b4aea6a1.stderr.txt,2026-07-13T19:09:46.581922Z,2026-07-13T19:09:47.706267Z
1,v5-sf1-final,3b41a195-ba0d-4dcf-afc6-38e001b0f3b0,ok,,0,hybrid-arrow,cold,1,ASIA,1994-01-01,0,False,8,0.25,0.75,0,process,"{""cpu_ratio"":0.25}","[""gpu_memory_monitor"",""load_timing""]",5,542abf4003633c7c,passed,0.0,209.462,0.0,5.17325,60.7557,0.909312,0.03696,49.7737,294.327,885.5652692727745,6001215,7243,1500304,4500911,114058228,212,0,529965056,0,20389617.670142394,logs/3b41a195-ba0d-4dcf-afc6-38e001b0f3b0.stdout.txt,logs/3b41a195-ba0d-4dcf-afc6-38e001b0f3b0.stderr.txt,2026-07-13T19:09:50.374295Z,2026-07-13T19:09:51.259869Z
1,v5-sf1-final,2e3c5ad3-5b04-4e9f-9734-86bbca6e8e34,ok,,0,hybrid-arrow,cold,1,ASIA,1994-01-01,1,False,8,0.25,0.75,0,process,"{""cpu_ratio"":0.25}","[""gpu_memory_monitor"",""load_timing""]",5,542abf4003633c7c,passed,0.0,213.524,0.0,5.16813,62.2559,0.903168,0.031744,51.1732,293.205,888.1454202346504,6001215,7243,1500304,4500911,114058228,212,0,475926528,0,20467642.09341587,logs/2e3c5ad3-5b04-4e9f-9734-86bbca6e8e34.stdout.txt,logs/2e3c5ad3-5b04-4e9f-9734-86bbca6e8e34.stderr.txt,2026-07-13T19:09:51.260299Z,2026-07-13T19:09:52.148453Z
1,v5-sf1-final,1d9378a7-36fe-4ffb-975b-833641816f48,ok,,0,hybrid-arrow,cold,1,ASIA,1994-01-01,2,False,8,0.25,0.75,0,process,"{""cpu_ratio"":0.25}","[""gpu_memory_monitor"",""load_timing""]",5,542abf4003633c7c,passed,0.0,216.427,0.0,5.2399,60.9449,0.94304,0.037632,50.023,302.846,923.2533648610115,6001215,7243,1500304,4500911,114058228,212,0,451637248,0,19816061.628682565,logs/1d9378a7-36fe-4ffb-975b-833641816f48.stdout.txt,logs/1d9378a7-36fe-4ffb-975b-833641816f48.stderr.txt,2026-07-13T19:09:52.148896Z,2026-07-13T19:09:53.072158Z
1,v5-sf1-final,8383a13a-fa5e-4c89-969f-0c3c61d7d6c3,ok,,0,hybrid-arrow,cold,1,ASIA,1994-01-01,3,False,8,0.25,0.75,0,process,"{""cpu_ratio"":0.25}","[""gpu_memory_monitor"",""load_timing""]",5,542abf4003633c7c,passed,0.0,230.082,0.0,9.46803,61.8573,0.986112,0.05088,48.0384,311.93,997.4114028736949,6001215,7243,1500304,4500911,114058228,212,0,504025088,0,19238979.89933639,logs/8383a13a-fa5e-4c89-969f-0c3c61d7d6c3.stdout.txt,logs/8383a13a-fa5e-4c89-969f-0c3c61d7d6c3.stderr.txt,2026-07-13T19:09:53.072652Z,2026-07-13T19:09:54.070071Z
1,v5-sf1-final,6f96f6b6-01df-40f0-973e-35b2fd6375a7,ok,,0,hybrid-arrow,cold,1,ASIA,1994-01-01,4,False,8,0.25,0.75,0,process,"{""cpu_ratio"":0.25}","[""gpu_memory_monitor"",""load_timing""]",5,542abf4003633c7c,passed,0.0,213.471,0.0,5.14048,62.1151,0.91824,0.032832,51.4842,308.748,999.0905770100653,6001215,7243,1500304,4500911,114058228,212,0,528019456,0,19437259.512612227,logs/6f96f6b6-01df-40f0-973e-35b2fd6375a7.stdout.txt,logs/6f96f6b6-01df-40f0-973e-35b2fd6375a7.stderr.txt,2026-07-13T19:09:54.070521Z,2026-07-13T19:09:55.069619Z
1,v5-sf1-final,4035c5ae-d34a-432e-aff2-729c04a5f66e,ok,,0,hybrid-arrow,cold,1,ASIA,1994-01-01,5,False,8,0.25,0.75,0,process,"{""cpu_ratio"":0.25}","[""gpu_memory_monitor"",""load_timing""]",5,542abf4003633c7c,passed,0.0,212.667,0.0,5.2233,62.5427,0.908288,0.037312,52.3677,295.789,999.0878002718091,6001215,7243,1500304,4500911,114058228,212,0,528060416,0,20288837.6511635,logs/4035c5ae-d34a-432e-aff2-729c04a5f66e.stdout.txt,logs/4035c5ae-d34a-432e-aff2-729c04a5f66e.stderr.txt,2026-07-13T19:09:55.070060Z,2026-07-13T19:09:56.069155Z
1,v5-sf1-final,70416fe3-fd14-447f-834d-b8f6dac09659,ok,,0,hybrid-arrow,cold,1,ASIA,1994-01-01,6,False,8,0.25,0.75,0,process,"{""cpu_ratio"":0.25}","[""gpu_memory_monitor"",""load_timing""]",5,542abf4003633c7c,passed,0.0,215.195,0.0,5.20285,66.3608,0.92672,0.039392,55.3925,295.081,941.3222530856729,6001215,7243,1500304,4500911,114058228,212,0,504074240,0,20337517.495196234,logs/70416fe3-fd14-447f-834d-b8f6dac09659.stdout.txt,logs/70416fe3-fd14-447f-834d-b8f6dac09659.stderr.txt,2026-07-13T19:09:56.069605Z,2026-07-13T19:09:57.010935Z
1,v5-sf1-final,baa1eff9-c96d-41b1-8682-112133adca4b,ok,,0,hybrid-arrow,cold,1,ASIA,1994-01-01,7,False,8,0.25,0.75,0,process,"{""cpu_ratio"":0.25}","[""gpu_memory_monitor"",""load_timing""]",5,542abf4003633c7c,passed,0.0,208.227,0.0,5.18147,62.6201,0.904192,0.041984,52.4978,293.041,883.218920789659,6001215,7243,1500304,4500911,114058228,212,0,529932288,0,20479096.781679016,logs/baa1eff9-c96d-41b1-8682-112133adca4b.stdout.txt,logs/baa1eff9-c96d-41b1-8682-112133adca4b.stderr.txt,2026-07-13T19:09:57.011370Z,2026-07-13T19:09:57.894597Z
1,v5-sf1-final,fb30db1c-205c-44b6-ba45-dcde2b374f0e,ok,,0,hybrid-arrow,cold,1,ASIA,1994-01-01,8,False,8,0.25,0.75,0,process,"{""cpu_ratio"":0.25}","[""gpu_memory_monitor"",""load_timing""]",5,542abf4003633c7c,passed,0.0,211.172,0.0,5.17325,61.5319,0.905216,0.03616,49.0701,298.315,886.6461748257279,6001215,7243,1500304,4500911,114058228,212,0,511836160,0,20117040.711999062,logs/fb30db1c-205c-44b6-ba45-dcde2b374f0e.stdout.txt,logs/fb30db1c-205c-44b6-ba45-dcde2b374f0e.stderr.txt,2026-07-13T19:09:57.895032Z,2026-07-13T19:09:58.781686Z
1,v5-sf1-final,fd703f3d-5095-44b4-becd-78f940fceb01,ok,,0,hybrid-arrow,cold,1,ASIA,1994-01-01,9,False,8,0.25,0.75,0,process,"{""cpu_ratio"":0.25}","[""gpu_memory_monitor"",""load_timing""]",5,542abf4003633c7c,passed,0.0,210.949,0.0,5.17325,62.7148,0.90832,0.035936,50.5543,290.605,887.4025638215244,6001215,7243,1500304,4500911,114058228,212,0,529932288,0,20650763.063264567,logs/fd703f3d-5095-44b4-becd-78f940fceb01.stdout.txt,logs/fd703f3d-5095-44b4-becd-78f940fceb01.stderr.txt,2026-07-13T19:09:58.782113Z,2026-07-13T19:09:59.669523Z
1,v5-sf1-final,0513c1a3-b5fb-4a00-9a02-6eb8fe2fb987,ok,,0,hybrid-arrow,cold,1,ASIA,1994-01-01,0,False,8,0.5,0.5,0,process,"{""cpu_ratio"":0.5}","[""gpu_memory_monitor"",""load_timing""]",5,542abf4003633c7c,passed,0.0,180.236,0.0,3.95674,64.5118,0.54784,0.03408,58.343,270.46,887.8866378217936,6001215,7243,3000608,3000607,84052148,212,0,459587584,0,22188918.878946982,logs/0513c1a3-b5fb-4a00-9a02-6eb8fe2fb987.stdout.txt,logs/0513c1a3-b5fb-4a00-9a02-6eb8fe2fb987.stderr.txt,2026-07-13T19:10:02.346607Z,2026-07-13T19:10:03.234501Z
1,v5-sf1-final,e5bf2ea4-f92b-450e-b9f9-f27053ce98d3,ok,,0,hybrid-arrow,cold,1,ASIA,1994-01-01,1,False,8,0.5,0.5,0,process,"{""cpu_ratio"":0.5}","[""gpu_memory_monitor"",""load_timing""]",5,542abf4003633c7c,passed,0.0,174.507,0.0,4.04157,62.2298,0.561152,0.034912,55.7571,251.607,886.8896579369903,6001215,7243,3000608,3000607,84052148,212,0,459837440,0,23851542.286184408,logs/e5bf2ea4-f92b-450e-b9f9-f27053ce98d3.stdout.txt,logs/e5bf2ea4-f92b-450e-b9f9-f27053ce98d3.stderr.txt,2026-07-13T19:10:03.234942Z,2026-07-13T19:10:04.121840Z
1,v5-sf1-final,946371ce-45ca-4408-bb04-b6e54013df93,ok,,0,hybrid-arrow,cold,1,ASIA,1994-01-01,2,False,8,0.5,0.5,0,process,"{""cpu_ratio"":0.5}","[""gpu_memory_monitor"",""load_timing""]",5,542abf4003633c7c,passed,0.0,177.652,0.0,3.80848,63.3488,0.519168,0.031424,56.9639,260.971,891.4817916229367,6001215,7243,3000608,3000607,84052148,212,0,459628544,0,22995715.999095686,logs/946371ce-45ca-4408-bb04-b6e54013df93.stdout.txt,logs/946371ce-45ca-4408-bb04-b6e54013df93.stderr.txt,2026-07-13T19:10:04.122273Z,2026-07-13T19:10:05.013764Z
1,v5-sf1-final,ecf266b8-7621-48ec-b7cc-bd893e4722af,ok,,0,hybrid-arrow,cold,1,ASIA,1994-01-01,3,False,8,0.5,0.5,0,process,"{""cpu_ratio"":0.5}","[""gpu_memory_monitor"",""load_timing""]",5,542abf4003633c7c,passed,0.0,175.964,0.0,3.80746,64.0018,0.5344,0.031872,58.0682,251.448,889.4104673527181,6001215,7243,3000608,3000607,84052148,212,0,459784192,0,23866624.510833252,logs/ecf266b8-7621-48ec-b7cc-bd893e4722af.stdout.txt,logs/ecf266b8-7621-48ec-b7cc-bd893e4722af.stderr.txt,2026-07-13T19:10:05.014198Z,2026-07-13T19:10:05.903616Z
1,v5-sf1-final,c33d2a93-5eb6-42a4-9a6a-c7ef4b98fa9c,ok,,0,hybrid-arrow,cold,1,ASIA,1994-01-01,4,False,8,0.5,0.5,0,process,"{""cpu_ratio"":0.5}","[""gpu_memory_monitor"",""load_timing""]",5,542abf4003633c7c,passed,0.0,174.585,0.0,3.9001,65.0498,0.548864,0.032896,59.082,249.681,884.7657809965312,6001215,7243,3000608,3000607,84052148,212,0,459759616,0,24035529.33543201,logs/c33d2a93-5eb6-42a4-9a6a-c7ef4b98fa9c.stdout.txt,logs/c33d2a93-5eb6-42a4-9a6a-c7ef4b98fa9c.stderr.txt,2026-07-13T19:10:05.904059Z,2026-07-13T19:10:06.788833Z
1,v5-sf1-final,67ecbf14-fdac-4ed8-a618-67f87057d0fc,ok,,0,hybrid-arrow,cold,1,ASIA,1994-01-01,5,False,8,0.5,0.5,0,process,"{""cpu_ratio"":0.5}","[""gpu_memory_monitor"",""load_timing""]",5,542abf4003633c7c,passed,0.0,175.703,0.0,3.89325,65.5455,0.543744,0.033088,59.949,249.408,885.4749370366335,6001215,7243,3000608,3000607,84052148,212,0,459788288,0,24061838.433410317,logs/67ecbf14-fdac-4ed8-a618-67f87057d0fc.stdout.txt,logs/67ecbf14-fdac-4ed8-a618-67f87057d0fc.stderr.txt,2026-07-13T19:10:06.789267Z,2026-07-13T19:10:07.674750Z
1,v5-sf1-final,6bcfa1c2-100a-4689-84b3-b9c1a160827c,ok,,0,hybrid-arrow,cold,1,ASIA,1994-01-01,6,False,8,0.5,0.5,0,process,"{""cpu_ratio"":0.5}","[""gpu_memory_monitor"",""load_timing""]",5,542abf4003633c7c,passed,0.0,171.451,0.0,3.87149,61.4499,0.544512,0.035136,54.5966,259.112,884.847697801888,6001215,7243,3000608,3000607,84052148,212,0,459681792,0,23160698.848374445,logs/6bcfa1c2-100a-4689-84b3-b9c1a160827c.stdout.txt,logs/6bcfa1c2-100a-4689-84b3-b9c1a160827c.stderr.txt,2026-07-13T19:10:07.675189Z,2026-07-13T19:10:08.560045Z
1,v5-sf1-final,55c151ad-2dc5-4874-bf3f-b71f6e94c0fe,ok,,0,hybrid-arrow,cold,1,ASIA,1994-01-01,7,False,8,0.5,0.5,0,process,"{""cpu_ratio"":0.5}","[""gpu_memory_monitor"",""load_timing""]",5,542abf4003633c7c,passed,0.0,174.55,0.0,3.82874,60.4992,0.52032,0.029568,53.8539,267.466,887.7665540203452,6001215,7243,3000608,3000607,84052148,212,0,459681792,0,22437300.44192533,logs/55c151ad-2dc5-4874-bf3f-b71f6e94c0fe.stdout.txt,logs/55c151ad-2dc5-4874-bf3f-b71f6e94c0fe.stderr.txt,2026-07-13T19:10:08.560476Z,2026-07-13T19:10:09.448251Z
1,v5-sf1-final,2e34c8d8-c9d6-417f-8d31-b2cca37307ae,ok,,0,hybrid-arrow,cold,1,ASIA,1994-01-01,8,False,8,0.5,0.5,0,process,"{""cpu_ratio"":0.5}","[""gpu_memory_monitor"",""load_timing""]",5,542abf4003633c7c,passed,0.0,171.616,0.0,3.82157,60.5867,0.535552,0.029952,54.9269,257.35,887.7304587513208,6001215,7243,3000608,3000607,84052148,212,0,459833344,0,23319273.363124147,logs/2e34c8d8-c9d6-417f-8d31-b2cca37307ae.stdout.txt,logs/2e34c8d8-c9d6-417f-8d31-b2cca37307ae.stderr.txt,2026-07-13T19:10:09.448700Z,2026-07-13T19:10:10.336439Z
1,v5-sf1-final,227800f6-9f45-493e-a205-94d2d6d83e02,ok,,0,hybrid-arrow,cold,1,ASIA,1994-01-01,9,False,8,0.5,0.5,0,process,"{""cpu_ratio"":0.5}","[""gpu_memory_monitor"",""load_timing""]",5,542abf4003633c7c,passed,0.0,169.999,0.0,3.85213,60.2944,0.545792,0.036128,54.6674,250.66,888.831471092999,6001215,7243,3000608,3000607,84052148,212,0,459800576,0,23941654.03335195,logs/227800f6-9f45-493e-a205-94d2d6d83e02.stdout.txt,logs/227800f6-9f45-493e-a205-94d2d6d83e02.stderr.txt,2026-07-13T19:10:10.336878Z,2026-07-13T19:10:11.225718Z
1,v5-sf1-final,2d453c46-3673-4049-8c3f-e0b8e1f949a2,ok,,0,hybrid-arrow,cold,1,ASIA,1994-01-01,0,False,8,0.75,0.25,0,process,"{""cpu_ratio"":0.75}","[""gpu_memory_monitor"",""load_timing""]",5,542abf4003633c7c,passed,0.0,144.905,0.0,2.6112,63.6455,0.221184,0.02704,59.8958,228.779,885.287101380527,6001215,7243,4500911,1500304,54046088,212,0,432152576,0,26231494.1493756,logs/2d453c46-3673-4049-8c3f-e0b8e1f949a2.stdout.txt,logs/2d453c46-3673-4049-8c3f-e0b8e1f949a2.stderr.txt,2026-07-13T19:10:13.893179Z,2026-07-13T19:10:14.778474Z
1,v5-sf1-final,398e18b7-fd29-4e6e-a326-149e2f593bc7,ok,,0,hybrid-arrow,cold,1,ASIA,1994-01-01,1,False,8,0.75,0.25,0,process,"{""cpu_ratio"":0.75}","[""gpu_memory_monitor"",""load_timing""]",5,542abf4003633c7c,passed,0.0,145.17,0.0,2.6105,65.3452,0.223104,0.028928,61.7523,219.66,889.5136988721788,6001215,7243,4500911,1500304,54046088,212,0,451919872,0,27320472.54848402,logs/398e18b7-fd29-4e6e-a326-149e2f593bc7.stdout.txt,logs/398e18b7-fd29-4e6e-a326-149e2f593bc7.stderr.txt,2026-07-13T19:10:14.778923Z,2026-07-13T19:10:15.668445Z
1,v5-sf1-final,58167cf5-8a6d-4a5a-b21f-94a85256017b,ok,,0,hybrid-arrow,cold,1,ASIA,1994-01-01,2,False,8,0.75,0.25,0,process,"{""cpu_ratio"":0.75}","[""gpu_memory_monitor"",""load_timing""]",5,542abf4003633c7c,passed,0.0,144.346,0.0,2.57021,64.2106,0.219136,0.028832,60.7152,226.404,888.0330668762326,6001215,7243,4500911,1500304,54046088,212,0,435744768,0,26506665.076588754,logs/58167cf5-8a6d-4a5a-b21f-94a85256017b.stdout.txt,logs/58167cf5-8a6d-4a5a-b21f-94a85256017b.stderr.txt,2026-07-13T19:10:15.668904Z,2026-07-13T19:10:16.556945Z
1,v5-sf1-final,9e49a389-6592-4012-9dd3-82cdcfa95fec,ok,,0,hybrid-arrow,cold,1,ASIA,1994-01-01,3,False,8,0.75,0.25,0,process,"{""cpu_ratio"":0.75}","[""gpu_memory_monitor"",""load_timing""]",5,542abf4003633c7c,passed,0.0,145.613,0.0,2.61325,66.2534,0.21504,0.030432,62.3831,220.334,886.532774195075,6001215,7243,4500911,1500304,54046088,212,0,438525952,0,27236899.4344949,logs/9e49a389-6592-4012-9dd3-82cdcfa95fec.stdout.txt,logs/9e49a389-6592-4012-9dd3-82cdcfa95fec.stderr.txt,2026-07-13T19:10:16.557374Z,2026-07-13T19:10:17.443915Z
1,v5-sf1-final,cafee122-1707-4852-b53f-ddb3d4c12913,ok,,0,hybrid-arrow,cold,1,ASIA,1994-01-01,4,False,8,0.75,0.25,0,process,"{""cpu_ratio"":0.75}","[""gpu_memory_monitor"",""load_timing""]",5,542abf4003633c7c,passed,0.0,149.66,0.0,2.61837,67.5115,0.214784,0.030752,63.4814,220.002,892.841812223196,6001215,7243,4500911,1500304,54046088,212,0,452837376,0,27278002.01816347,logs/cafee122-1707-4852-b53f-ddb3d4c12913.stdout.txt,logs/cafee122-1707-4852-b53f-ddb3d4c12913.stderr.txt,2026-07-13T19:10:17.444348Z,2026-07-13T19:10:18.337198Z
1,v5-sf1-final,1e3a57d1-9d34-42e4-a7d2-29c6d73bd0a5,ok,,0,hybrid-arrow,cold,1,ASIA,1994-01-01,5,False,8,0.75,0.25,0,process,"{""cpu_ratio"":0.75}","[""gpu_memory_monitor"",""load_timing""]",5,542abf4003633c7c,passed,0.0,146.448,0.0,2.63875,66.7952,0.21504,0.030464,62.9842,216.006,890.5454808846116,6001215,7243,4500911,1500304,54046088,212,0,445714432,0,27782631.03802672,logs/1e3a57d1-9d34-42e4-a7d2-29c6d73bd0a5.stdout.txt,logs/1e3a57d1-9d34-42e4-a7d2-29c6d73bd0a5.stderr.txt,2026-07-13T19:10:18.337656Z,2026-07-13T19:10:19.228210Z
1,v5-sf1-final,79e71129-4b7b-4c2a-a423-171183fa53a0,ok,,0,hybrid-arrow,cold,1,ASIA,1994-01-01,6,False,8,0.75,0.25,0,process,"{""cpu_ratio"":0.75}","[""gpu_memory_monitor"",""load_timing""]",5,542abf4003633c7c,passed,0.0,147.978,0.0,2.68493,64.9666,0.224256,0.03136,61.1687,230.523,886.436564847827,6001215,7243,4500911,1500304,54046088,212,0,432189440,0,26033042.256087247,logs/79e71129-4b7b-4c2a-a423-171183fa53a0.stdout.txt,logs/79e71129-4b7b-4c2a-a423-171183fa53a0.stderr.txt,2026-07-13T19:10:19.228648Z,2026-07-13T19:10:20.115093Z
1,v5-sf1-final,cd52f940-fc12-472d-897c-e69bd036ed1a,ok,,0,hybrid-arrow,cold,1,ASIA,1994-01-01,7,False,8,0.75,0.25,0,process,"{""cpu_ratio"":0.75}","[""gpu_memory_monitor"",""load_timing""]",5,542abf4003633c7c,passed,0.0,148.172,0.0,2.58064,66.8814,0.219136,0.028928,62.9278,219.65,888.7060713022947,6001215,7243,4500911,1500304,54046088,212,0,434319360,0,27321716.366947416,logs/cd52f940-fc12-472d-897c-e69bd036ed1a.stdout.txt,logs/cd52f940-fc12-472d-897c-e69bd036ed1a.stderr.txt,2026-07-13T19:10:20.115536Z,2026-07-13T19:10:21.004250Z
1,v5-sf1-final,d30e04df-8a79-4f1a-8419-516ce10e0cb0,ok,,0,hybrid-arrow,cold,1,ASIA,1994-01-01,8,False,8,0.75,0.25,0,process,"{""cpu_ratio"":0.75}","[""gpu_memory_monitor"",""load_timing""]",5,542abf4003633c7c,passed,0.0,144.146,0.0,2.61325,63.0144,0.224064,0.029888,59.346,225.586,887.6402289606631,6001215,7243,4500911,1500304,54046088,212,0,432193536,0,26602781.20096105,logs/d30e04df-8a79-4f1a-8419-516ce10e0cb0.stdout.txt,logs/d30e04df-8a79-4f1a-8419-516ce10e0cb0.stderr.txt,2026-07-13T19:10:21.004696Z,2026-07-13T19:10:21.892345Z
1,v5-sf1-final,93fc2ca4-ac0e-42af-98b2-3489904dfba0,ok,,0,hybrid-arrow,cold,1,ASIA,1994-01-01,9,False,8,0.75,0.25,0,process,"{""cpu_ratio"":0.75}","[""gpu_memory_monitor"",""load_timing""]",5,542abf4003633c7c,passed,0.0,140.303,0.0,2.62669,61.7609,0.211968,0.029504,58.24,225.329,893.5301592573524,6001215,7243,4500911,1500304,54046088,212,0,441204736,0,26633123.12219022,logs/93fc2ca4-ac0e-42af-98b2-3489904dfba0.stdout.txt,logs/93fc2ca4-ac0e-42af-98b2-3489904dfba0.stderr.txt,2026-07-13T19:10:21.892793Z,2026-07-13T19:10:22.786332Z
