experiment_id,scale_factor,engine,scenario,threads,cpu_ratio,gpu_ratio,success_count,failure_count,result_hash,query_total_ms_min,query_total_ms_median,query_total_ms_max,query_total_ms_p95,query_total_ms_stddev,process_elapsed_ms_min,process_elapsed_ms_median,process_elapsed_ms_max,process_elapsed_ms_p95,process_elapsed_ms_stddev,plan_build_ms_min,plan_build_ms_median,plan_build_ms_max,plan_build_ms_p95,plan_build_ms_stddev,h2d_ms_min,h2d_ms_median,h2d_ms_max,h2d_ms_p95,h2d_ms_stddev,cpu_scan_ms_min,cpu_scan_ms_median,cpu_scan_ms_max,cpu_scan_ms_p95,cpu_scan_ms_stddev,gpu_kernel_ms_min,gpu_kernel_ms_median,gpu_kernel_ms_max,gpu_kernel_ms_p95,gpu_kernel_ms_stddev,d2h_ms_min,d2h_ms_median,d2h_ms_max,d2h_ms_p95,d2h_ms_stddev,overlap_wall_ms_min,overlap_wall_ms_median,overlap_wall_ms_max,overlap_wall_ms_p95,overlap_wall_ms_stddev,cpu_peak_rss_bytes_min,cpu_peak_rss_bytes_median,cpu_peak_rss_bytes_max,cpu_peak_rss_bytes_p95,cpu_peak_rss_bytes_stddev,gpu_peak_memory_bytes_min,gpu_peak_memory_bytes_median,gpu_peak_memory_bytes_max,gpu_peak_memory_bytes_p95,gpu_peak_memory_bytes_stddev,throughput_rows_per_second_min,throughput_rows_per_second_median,throughput_rows_per_second_max,throughput_rows_per_second_p95,throughput_rows_per_second_stddev
v5-sf1-final,1,arrow-acero,cold,1,1.0,0.0,10,0,542abf4003633c7c,374.261,397.644,409.481,407.39795,11.463464890201772,704.7170125879347,761.9403509888798,847.5490841083229,847.4346340401098,42.91969276448864,267.055,288.993,297.978,297.22965,10.606963346468833,0.0,0.0,0.0,0.0,0.0,105.551,106.8305,109.659,108.87555,1.1714383798466654,0.0,0.0,0.0,0.0,0.0,0.0,0.0,0.0,0.0,0.0,0.0,0.0,0.0,0.0,0.0,435732480.0,471490560.0,492253184.0,490454220.8,20721521.348848995,0.0,0.0,0.0,0.0,0.0,14655661.679052263,15092813.406177057,16034839.323359901,15963143.909068102,450313.45150495175
v5-sf1-final,1,arrow-acero,cold,2,1.0,0.0,10,0,542abf4003633c7c,353.173,366.71849999999995,377.263,375.77844999999996,7.512563980870087,756.2682619318366,757.9397533554584,760.4421768337488,760.1232007844374,1.2686988887017911,274.275,286.182,297.178,295.2691,8.278546034446173,0.0,0.0,0.0,0.0,0.0,77.132,78.77685,86.6495,86.106215,3.338492529753845,0.0,0.0,0.0,0.0,0.0,0.0,0.0,0.0,0.0,0.0,0.0,0.0,0.0,0.0,0.0,452636672.0,461088768.0,499023872.0,495984435.2,17827812.847543303,0.0,0.0,0.0,0.0,0.0,15907245.078367082,16364636.87642621,16992281.40316502,16912282.606722984,338601.5282859453
v5-sf1-final,1,arrow-acero,cold,4,1.0,0.0,10,0,542abf4003633c7c,325.685,336.8795,354.539,350.86475,8.866373288379458,755.3262850269675,757.7501181513071,761.795551981777,760.4729488492012,1.7734007415346247,268.273,273.979,288.22,284.0899,6.010376812923906,0.0,0.0,0.0,0.0,0.0,55.7594,62.0125,66.1439,65.86706,3.5435399145800828,0.0,0.0,0.0,0.0,0.0,0.0,0.0,0.0,0.0,0.0,0.0,0.0,0.0,0.0,0.0,465641472.0,488900608.0,499965952.0,498441625.6,9956865.704589536,0.0,0.0,0.0,0.0,0.0,16926812.000936426,17814950.072108008,18426439.6579517,18327749.349311847,461955.71417038294
v5-sf1-final,1,arrow-acero,cold,8,1.0,0.0,10,0,542abf4003633c7c,320.493,328.134,339.932,339.0059,7.158523380480708,753.3749509602785,758.2698329351842,761.7744840681553,761.4237060304731,2.8547508139065982,272.412,275.72749999999996,288.645,287.51685,6.115156983539607,0.0,0.0,0.0,0.0,0.0,44.3641,49.7724,51.1866,51.01659,1.9827516238242688,0.0,0.0,0.0,0.0,0.0,0.0,0.0,0.0,0.0,0.0,0.0,0.0,0.0,0.0,0.0,464461824.0,477052928.0,499658752.0,496796262.4,11627957.414472215,0.0,0.0,0.0,0.0,0.0,17654163.18557829,18289446.465025887,18724948.75083075,18638144.0080043,393294.3677819778
v5-sf1-final,1,arrow-acero,cold,16,1.0,0.0,10,0,542abf4003633c7c,321.281,329.577,337.679,337.08365,6.35999846610742,753.8414429873228,754.722589161247,763.020166195929,762.0369697920978,3.16009005631697,273.694,281.894,292.228,290.8411,7.125750970950364,0.0,0.0,0.0,0.0,0.0,43.5765,45.46075,46.6704,46.52478,1.2132328275681008,0.0,0.0,0.0,0.0,0.0,0.0,0.0,0.0,0.0,0.0,0.0,0.0,0.0,0.0,0.0,458108928.0,474017792.0,484925440.0,484543897.6,8748147.871970523,0.0,0.0,0.0,0.0,0.0,17771952.06098099,18209183.228987217,18679022.413401354,18665335.51144184,352498.5417068207
v5-sf1-final,1,arrow-acero,cold,32,1.0,0.0,10,0,542abf4003633c7c,313.182,321.53499999999997,350.179,345.54805,11.952360354990779,684.7101259045303,707.2309665381908,766.872838139534,743.1719285901636,21.100069008561487,268.166,273.7415,302.514,298.2102,11.771997197209622,0.0,0.0,0.0,0.0,0.0,41.9767,45.445949999999996,46.541,46.462835,1.5556895314725658,0.0,0.0,0.0,0.0,0.0,0.0,0.0,0.0,0.0,0.0,0.0,0.0,0.0,0.0,0.0,458686464.0,486008832.0,492421120.0,492397158.4,12898673.73454052,0.0,0.0,0.0,0.0,0.0,17137563.931589276,18664368.81275551,19162068.701266356,19133692.96429975,657349.160222561
v5-sf1-final,1,cpu-specialized,cold,1,1.0,0.0,10,0,542abf4003633c7c,84.4509,86.8925,92.6542,91.99054,2.57532291397064,501.4138207770884,502.735547022894,506.40512304380536,506.2092348234728,1.7474334596669172,55.7622,58.23895,61.6935,61.05774,1.696040730937792,0.0,0.0,0.0,0.0,0.0,26.9191,28.00225,31.3798,31.1341,1.7465543406948432,0.0,0.0,0.0,0.0,0.0,0.0,0.0,0.0,0.0,0.0,0.0,0.0,0.0,0.0,0.0,338526208.0,338644992.0,338792448.0,338762956.8,75209.9167740236,0.0,0.0,0.0,0.0,0.0,64770026.61509138,69065919.10230535,71061587.26549983,70779426.65805675,1968352.5647012843
v5-sf1-final,1,cpu-specialized,cold,2,1.0,0.0,10,0,542abf4003633c7c,72.5171,75.48525000000001,78.409,77.41756,1.6004116956791685,423.25593112036586,425.5147110670805,530.0528933294117,529.9084903206676,46.9182302973731,56.5433,59.048649999999995,61.8389,61.445465,1.5443860205416398,0.0,0.0,0.0,0.0,0.0,14.6441,16.13565,16.7197,16.681855,0.644489006974604,0.0,0.0,0.0,0.0,0.0,0.0,0.0,0.0,0.0,0.0,0.0,0.0,0.0,0.0,0.0,249364480.0,259500032.0,333901824.0,331356364.8,33850721.159464985,0.0,0.0,0.0,0.0,0.0,76537323.52153452,79502111.11982211,82755860.34190556,82056805.31576982,1691005.342554602
v5-sf1-final,1,cpu-specialized,cold,4,1.0,0.0,10,0,542abf4003633c7c,63.7668,65.60385,69.5906,68.653925,1.6126587672398496,380.0330478698015,505.53309451788664,506.95956498384476,506.8829321768135,53.01746736451236,55.524,56.9064,61.0075,60.045624999999994,1.5645928139437568,0.0,0.0,0.0,0.0,0.0,8.12458,8.502755,8.6237,8.6195015,0.14581563715870793,0.0,0.0,0.0,0.0,0.0,0.0,0.0,0.0,0.0,0.0,0.0,0.0,0.0,0.0,0.0,239452160.0,333572096.0,339066880.0,338982092.8,34697523.21878707,0.0,0.0,0.0,0.0,0.0,86236000.26440354,91476589.96291718,94111904.6274864,93223264.63386601,2173995.2062256946
v5-sf1-final,1,cpu-specialized,cold,8,1.0,0.0,10,0,542abf4003633c7c,60.4628,63.3437,65.6652,65.410185,1.5842678255971179,378.8499222137034,380.9730629436672,509.28445579484105,507.6767422258854,61.070987138439996,55.6415,58.42125,60.3073,60.261625,1.5103850033462778,0.0,0.0,0.0,0.0,0.0,4.69176,4.80429,5.22709,5.128971999999999,0.16192958664871035,0.0,0.0,0.0,0.0,0.0,0.0,0.0,0.0,0.0,0.0,0.0,0.0,0.0,0.0,0.0,217321472.0,297041920.0,339013632.0,338893824.0,40009218.98098262,0.0,0.0,0.0,0.0,0.0,91391102.13629137,94740647.38913622,99254665.67873138,98453537.84764855,2390209.9609688083
v5-sf1-final,1,cpu-specialized,cold,16,1.0,0.0,10,0,542abf4003633c7c,59.4631,61.4144,64.927,64.78907500000001,2.1605878453174143,378.7248278968036,381.28498243167996,510.6568746268749,509.80892463121563,65.79062286137294,55.5792,57.6225,61.235,61.055135,2.1487700603161586,0.0,0.0,0.0,0.0,0.0,3.4646,3.687645,3.82222,3.806308,0.11873080476439128,0.0,0.0,0.0,0.0,0.0,0.0,0.0,0.0,0.0,0.0,0.0,0.0,0.0,0.0,0.0,201588736.0,292911104.0,315097088.0,315089715.2,46092985.13209191,0.0,0.0,0.0,0.0,0.0,92430190.82970104,97720809.76563455,100923345.73878591,100570577.31354932,3342004.6275952747
v5-sf1-final,1,cpu-specialized,cold,32,1.0,0.0,10,0,542abf4003633c7c,59.9341,62.1714,65.5285,65.3314,1.8886183302439201,379.07965993508697,504.8021445982158,506.9542722776532,506.788999796845,65.05777631441526,56.0352,58.02035,61.5489,61.276335,1.9147254981966588,0.0,0.0,0.0,0.0,0.0,3.75179,3.92288,4.31498,4.226906,0.16799011971277097,0.0,0.0,0.0,0.0,0.0,0.0,0.0,0.0,0.0,0.0,0.0,0.0,0.0,0.0,0.0,232820736.0,305496064.0,339255296.0,330619904.0,32391592.249635525,0.0,0.0,0.0,0.0,0.0,91581754.50376554,96529850.80649662,100130226.36529121,99627602.70259899,2878781.5828797393
v5-sf1-final,1,cudf,cold,1,0.0,1.0,10,0,542abf4003633c7c,109.730037,116.426918,125.130309,122.9881092,4.492317982487894,3599.269464146346,3682.381104445085,3730.369996279478,3718.914508097805,35.576681745069365,0.0,0.0,0.0,0.0,0.0,0.0,0.0,0.0,0.0,0.0,0.0,0.0,0.0,0.0,0.0,0.0,0.0,0.0,0.0,0.0,0.0,0.0,0.0,0.0,0.0,0.0,0.0,0.0,0.0,0.0,1164918784.0,1175535616.0,1190121472.0,1189843148.8,8657976.716455271,0.0,0.0,0.0,0.0,0.0,47959723.33129937,51548603.881876074,54690722.46827002,54281849.01646343,1970581.340836318
v5-sf1-final,1,gpu-copy,cold,1,0.0,1.0,10,0,542abf4003633c7c,303.36,314.151,322.124,321.95660000000004,6.560243562551624,1005.77173801139,1008.9696370996535,1020.0826390646398,1018.9591038273647,4.954178377007116,174.363,179.52550000000002,186.515,184.6178,3.191954241178555,6.45232,6.525505,6.56602,6.559378,0.035021807634672386,0.0,0.0,0.0,0.0,0.0,1.31798,1.34656,1.36275,1.3577685,0.011778484905397082,0.03424,0.03472,0.035584,0.0354976,0.00044321251486542315,0.0,0.0,0.0,0.0,0.0,544350208.0,544456704.0,544538624.0,544531251.2,62628.48143847086,0.0,0.0,0.0,0.0,0.0,18630139.32522879,19103032.67578198,19782486.15506329,19678885.46094978,400470.7754184867
v5-sf1-final,1,gpu-managed,cold,1,0.0,1.0,10,0,542abf4003633c7c,344.281,358.158,372.346,371.3218,9.166607617385568,1003.550976049155,1006.6830813884735,1012.4738831073046,1012.1153989573941,2.889867330371544,214.49,219.989,229.739,228.71795,5.8360752641556,6.36595,6.424575,6.68758,6.6839664999999995,0.11953258317295742,0.0,0.0,0.0,0.0,0.0,1.32096,1.3449900000000001,1.36192,1.360075,0.01246842215804036,0.105472,0.110592,0.116736,0.1166928,0.004547255172079087,0.0,0.0,0.0,0.0,0.0,536285184.0,543889408.0,544460800.0,544449740.8,2476259.8650411293,0.0,0.0,0.0,0.0,0.0,16117307.55802399,16756465.800377801,17431153.621605605,17291733.634278044,427247.4437132293
v5-sf1-final,1,gpu-mapped,cold,1,0.0,1.0,10,0,542abf4003633c7c,403.583,412.264,430.213,429.90835,9.17812825326239,1098.4297208487988,1134.5740298274904,1151.4110988937318,1150.4504835465923,15.96046114679415,185.166,197.232,202.297,200.93035,5.609417003773406,0.0,0.0,0.0,0.0,0.0,0.0,0.0,0.0,0.0,0.0,2.66125,2.681295,2.68698,2.6865165,0.0074294211678225435,0.039296,0.042831999999999995,0.044256,0.0439824,0.001483859472232237,0.0,0.0,0.0,0.0,0.0,592515072.0,679118848.0,691212288.0,691094323.2,29869501.525865417,0.0,0.0,0.0,0.0,0.0,13949404.132371638,14556745.021177925,14869840.900137022,14819536.708138514,315739.583846492
v5-sf1-final,1,hybrid-arrow,cold,8,0.25,0.75,10,0,542abf4003633c7c,290.605,295.435,311.93,310.4981,7.155465743829056,883.218920789659,905.6993925478309,999.0905770100653,999.08932747785,51.49499720557311,208.227,213.06900000000002,230.082,223.93724999999998,6.1402247913972055,5.14048,5.17736,9.46803,7.565371499999996,1.3543375777392677,60.7557,62.1855,66.3608,64.72009999999999,1.5569873736732027,0.903168,0.9088160000000001,0.986112,0.9667296,0.02597776914893878,0.031744,0.037136,0.05088,0.04687679999999999,0.005362595988262899,48.0384,50.863749999999996,55.3925,54.089884999999995,2.076616773317171,451637248.0,519927808.0,529965056.0,529950310.4,26835152.446192384,0.0,0.0,0.0,0.0,0.0,19238979.89933639,20313177.573179867,20650763.063264567,20573513.23655107,473133.1591761002
v5-sf1-final,1,hybrid-arrow,cold,8,0.5,0.5,10,0,542abf4003633c7c,249.408,254.4785,270.46,269.11269999999996,7.6160223075361895,884.7657809965312,887.748506385833,891.4817916229367,890.5496957013384,2.1222195952804817,169.999,174.5675,180.236,179.07319999999999,3.0577846029074314,3.80746,3.86181,4.04157,4.0033965,0.07439184723102699,60.2944,62.7893,65.5455,65.322435,1.9963906270233456,0.519168,0.544128,0.561152,0.5556224,0.01302819522932219,0.029568,0.032992,0.036128,0.0356816,0.002209161691180113,53.8539,56.3605,59.949,59.55885,2.14727852563813,459587584.0,459771904.0,459837440.0,459835596.8,87526.27978282992,0.0,0.0,0.0,0.0,0.0,22188918.878946982,23585407.824654277,24061838.433410317,24049999.33932008,681150.6217513417
v5-sf1-final,1,hybrid-arrow,cold,8,0.75,0.25,10,0,542abf4003633c7c,216.006,222.8315,230.523,229.7382,4.720690463857543,885.287101380527,888.3695690892637,893.5301592573524,893.220403091982,2.731738463529016,140.303,145.3915,149.66,148.9904,2.6210854176593856,2.57021,2.61325,2.68493,2.664149,0.0312662414505557,61.7609,65.1559,67.5115,67.227955,1.8749438741525621,0.211968,0.219136,0.224256,0.22416960000000002,0.004384096024901322,0.02704,0.029696,0.03136,0.0310864,0.0012472430753020394,58.24,61.460499999999996,63.4814,63.25766,1.7363454816558441,432152576.0,437135360.0,452837376.0,452424499.2,8000293.620285651,0.0,0.0,0.0,0.0,0.0,26033042.256087247,26935011.27834256,27782631.03802672,27575219.436041035,567898.0614763201
