scale_factor,config_id,engine,threads,ratio_mode,cpu_ratio,gpu_ratio,request_index,status,result_hash,query_total_ms,cpu_scan_ms,gpu_kernel_ms,h2d_ms,d2h_ms,overlap_wall_ms,input_lineitem_rows,matched_lineitem_rows,cpu_input_rows,gpu_input_rows,h2d_bytes,d2h_bytes,mapped_remote_read_bytes,throughput_rows_per_second,selected_cpu_ratio
10,cpu-specialized-t08,cpu-specialized,8,fixed,1.0,0.0,3,ok,b1351a421ba8dcfd,48.205973,47.901681,0.0,0.0,0.0,0.0,59986052,72985,59986052,0,0,0,0,1244369696.676385,1.0
10,cpu-specialized-t08,cpu-specialized,8,fixed,1.0,0.0,4,ok,b1351a421ba8dcfd,49.603858,49.30884,0.0,0.0,0.0,0.0,59986052,72985,59986052,0,0,0,0,1209302147.4257102,1.0
10,cpu-specialized-t08,cpu-specialized,8,fixed,1.0,0.0,5,ok,b1351a421ba8dcfd,49.842292,49.543108,0.0,0.0,0.0,0.0,59986052,72985,59986052,0,0,0,0,1203517125.5768094,1.0
10,cpu-specialized-t08,cpu-specialized,8,fixed,1.0,0.0,6,ok,b1351a421ba8dcfd,49.850253,49.565501,0.0,0.0,0.0,0.0,59986052,72985,59986052,0,0,0,0,1203324925.9537358,1.0
10,cpu-specialized-t08,cpu-specialized,8,fixed,1.0,0.0,7,ok,b1351a421ba8dcfd,50.918209,50.605825,0.0,0.0,0.0,0.0,59986052,72985,59986052,0,0,0,0,1178086448.405913,1.0
10,cpu-specialized-t08,cpu-specialized,8,fixed,1.0,0.0,8,ok,b1351a421ba8dcfd,51.885374,51.608253,0.0,0.0,0.0,0.0,59986052,72985,59986052,0,0,0,0,1156126425.9172537,1.0
10,cpu-specialized-t08,cpu-specialized,8,fixed,1.0,0.0,9,ok,b1351a421ba8dcfd,51.587632,51.287627,0.0,0.0,0.0,0.0,59986052,72985,59986052,0,0,0,0,1162799098.8227565,1.0
10,cpu-specialized-t08,cpu-specialized,8,fixed,1.0,0.0,10,ok,b1351a421ba8dcfd,51.710525,51.421796,0.0,0.0,0.0,0.0,59986052,72985,59986052,0,0,0,0,1160035640.713375,1.0
10,cpu-specialized-t08,cpu-specialized,8,fixed,1.0,0.0,11,ok,b1351a421ba8dcfd,48.41903,48.114598,0.0,0.0,0.0,0.0,59986052,72985,59986052,0,0,0,0,1238894129.0232375,1.0
10,cpu-specialized-t08,cpu-specialized,8,fixed,1.0,0.0,12,ok,b1351a421ba8dcfd,49.244365,48.983116,0.0,0.0,0.0,0.0,59986052,72985,59986052,0,0,0,0,1218130277.4439268,1.0
10,cpu-specialized-t16,cpu-specialized,16,fixed,1.0,0.0,3,ok,b1351a421ba8dcfd,25.89039,25.571737,0.0,0.0,0.0,0.0,59986052,72985,59986052,0,0,0,0,2316923460.7898917,1.0
10,cpu-specialized-t16,cpu-specialized,16,fixed,1.0,0.0,4,ok,b1351a421ba8dcfd,26.202854,25.888948,0.0,0.0,0.0,0.0,59986052,72985,59986052,0,0,0,0,2289294593.634724,1.0
10,cpu-specialized-t16,cpu-specialized,16,fixed,1.0,0.0,5,ok,b1351a421ba8dcfd,26.095104,25.772325,0.0,0.0,0.0,0.0,59986052,72985,59986052,0,0,0,0,2298747381.8843565,1.0
10,cpu-specialized-t16,cpu-specialized,16,fixed,1.0,0.0,6,ok,b1351a421ba8dcfd,25.834808,25.507792,0.0,0.0,0.0,0.0,59986052,72985,59986052,0,0,0,0,2321908179.073752,1.0
10,cpu-specialized-t16,cpu-specialized,16,fixed,1.0,0.0,7,ok,b1351a421ba8dcfd,26.480506,26.15939,0.0,0.0,0.0,0.0,59986052,72985,59986052,0,0,0,0,2265291003.1250916,1.0
10,cpu-specialized-t16,cpu-specialized,16,fixed,1.0,0.0,8,ok,b1351a421ba8dcfd,26.124808,25.795869,0.0,0.0,0.0,0.0,59986052,72985,59986052,0,0,0,0,2296133697.9012437,1.0
10,cpu-specialized-t16,cpu-specialized,16,fixed,1.0,0.0,9,ok,b1351a421ba8dcfd,26.906068,26.585932,0.0,0.0,0.0,0.0,59986052,72985,59986052,0,0,0,0,2229461844.81508,1.0
10,cpu-specialized-t16,cpu-specialized,16,fixed,1.0,0.0,10,ok,b1351a421ba8dcfd,26.34198,26.029917,0.0,0.0,0.0,0.0,59986052,72985,59986052,0,0,0,0,2277203611.877315,1.0
10,cpu-specialized-t16,cpu-specialized,16,fixed,1.0,0.0,11,ok,b1351a421ba8dcfd,26.07897,25.740658,0.0,0.0,0.0,0.0,59986052,72985,59986052,0,0,0,0,2300169523.566306,1.0
10,cpu-specialized-t16,cpu-specialized,16,fixed,1.0,0.0,12,ok,b1351a421ba8dcfd,26.217445,25.906704,0.0,0.0,0.0,0.0,59986052,72985,59986052,0,0,0,0,2288020514.58485,1.0
10,cpu-specialized-t32,cpu-specialized,32,fixed,1.0,0.0,3,ok,b1351a421ba8dcfd,14.902401,14.520163,0.0,0.0,0.0,0.0,59986052,72985,59986052,0,0,0,0,4025260895.878456,1.0
10,cpu-specialized-t32,cpu-specialized,32,fixed,1.0,0.0,4,ok,b1351a421ba8dcfd,14.925364,14.555786,0.0,0.0,0.0,0.0,59986052,72985,59986052,0,0,0,0,4019067943.6695814,1.0
10,cpu-specialized-t32,cpu-specialized,32,fixed,1.0,0.0,5,ok,b1351a421ba8dcfd,15.056039,14.667582,0.0,0.0,0.0,0.0,59986052,72985,59986052,0,0,0,0,3984185481.985003,1.0
10,cpu-specialized-t32,cpu-specialized,32,fixed,1.0,0.0,6,ok,b1351a421ba8dcfd,14.953406,14.578429,0.0,0.0,0.0,0.0,59986052,72985,59986052,0,0,0,0,4011531018.418145,1.0
10,cpu-specialized-t32,cpu-specialized,32,fixed,1.0,0.0,7,ok,b1351a421ba8dcfd,14.885686,14.508115,0.0,0.0,0.0,0.0,59986052,72985,59986052,0,0,0,0,4029780824.343601,1.0
10,cpu-specialized-t32,cpu-specialized,32,fixed,1.0,0.0,8,ok,b1351a421ba8dcfd,14.95589,14.560464,0.0,0.0,0.0,0.0,59986052,72985,59986052,0,0,0,0,4010864749.607011,1.0
10,cpu-specialized-t32,cpu-specialized,32,fixed,1.0,0.0,9,ok,b1351a421ba8dcfd,15.038472,14.664628,0.0,0.0,0.0,0.0,59986052,72985,59986052,0,0,0,0,3988839557.6359086,1.0
10,cpu-specialized-t32,cpu-specialized,32,fixed,1.0,0.0,10,ok,b1351a421ba8dcfd,15.170699,14.789564,0.0,0.0,0.0,0.0,59986052,72985,59986052,0,0,0,0,3954073045.678383,1.0
10,cpu-specialized-t32,cpu-specialized,32,fixed,1.0,0.0,11,ok,b1351a421ba8dcfd,14.909521,14.552011,0.0,0.0,0.0,0.0,59986052,72985,59986052,0,0,0,0,4023338643.8102202,1.0
10,cpu-specialized-t32,cpu-specialized,32,fixed,1.0,0.0,12,ok,b1351a421ba8dcfd,15.335714,14.95551,0.0,0.0,0.0,0.0,59986052,72985,59986052,0,0,0,0,3911526519.078277,1.0
10,arrow-acero-t08,arrow-acero,8,fixed,1.0,0.0,3,ok,b1351a421ba8dcfd,3189.737595,196.443341,0.0,0.0,0.0,0.0,59986052,72985,59986052,0,0,0,0,18805951.96734357,1.0
10,arrow-acero-t08,arrow-acero,8,fixed,1.0,0.0,4,ok,b1351a421ba8dcfd,3200.928967,209.626125,0.0,0.0,0.0,0.0,59986052,72985,59986052,0,0,0,0,18740200.928676218,1.0
10,arrow-acero-t08,arrow-acero,8,fixed,1.0,0.0,5,ok,b1351a421ba8dcfd,3174.436086,180.003063,0.0,0.0,0.0,0.0,59986052,72985,59986052,0,0,0,0,18896600.963097796,1.0
10,arrow-acero-t08,arrow-acero,8,fixed,1.0,0.0,6,ok,b1351a421ba8dcfd,3228.4121,209.253479,0.0,0.0,0.0,0.0,59986052,72985,59986052,0,0,0,0,18580667.567191932,1.0
10,arrow-acero-t08,arrow-acero,8,fixed,1.0,0.0,7,ok,b1351a421ba8dcfd,3111.526237,169.35359,0.0,0.0,0.0,0.0,59986052,72985,59986052,0,0,0,0,19278658.584552374,1.0
10,arrow-acero-t08,arrow-acero,8,fixed,1.0,0.0,8,ok,b1351a421ba8dcfd,3207.835487,207.27518,0.0,0.0,0.0,0.0,59986052,72985,59986052,0,0,0,0,18699852.98282848,1.0
10,arrow-acero-t08,arrow-acero,8,fixed,1.0,0.0,9,ok,b1351a421ba8dcfd,3189.153989,171.232335,0.0,0.0,0.0,0.0,59986052,72985,59986052,0,0,0,0,18809393.40242062,1.0
10,arrow-acero-t08,arrow-acero,8,fixed,1.0,0.0,10,ok,b1351a421ba8dcfd,3227.801471,208.836865,0.0,0.0,0.0,0.0,59986052,72985,59986052,0,0,0,0,18584182.62056737,1.0
10,arrow-acero-t08,arrow-acero,8,fixed,1.0,0.0,11,ok,b1351a421ba8dcfd,3230.737586,165.32402,0.0,0.0,0.0,0.0,59986052,72985,59986052,0,0,0,0,18567293.196433563,1.0
10,arrow-acero-t08,arrow-acero,8,fixed,1.0,0.0,12,ok,b1351a421ba8dcfd,3273.85152,219.244694,0.0,0.0,0.0,0.0,59986052,72985,59986052,0,0,0,0,18322777.20401932,1.0
10,arrow-acero-t16,arrow-acero,16,fixed,1.0,0.0,3,ok,b1351a421ba8dcfd,3123.873203,112.249627,0.0,0.0,0.0,0.0,59986052,72985,59986052,0,0,0,0,19202460.5679874,1.0
10,arrow-acero-t16,arrow-acero,16,fixed,1.0,0.0,4,ok,b1351a421ba8dcfd,3174.827536,142.500623,0.0,0.0,0.0,0.0,59986052,72985,59986052,0,0,0,0,18894271.049310945,1.0
10,arrow-acero-t16,arrow-acero,16,fixed,1.0,0.0,5,ok,b1351a421ba8dcfd,3175.956014,113.837409,0.0,0.0,0.0,0.0,59986052,72985,59986052,0,0,0,0,18887557.552930266,1.0
10,arrow-acero-t16,arrow-acero,16,fixed,1.0,0.0,6,ok,b1351a421ba8dcfd,3184.363719,139.72039,0.0,0.0,0.0,0.0,59986052,72985,59986052,0,0,0,0,18837688.55991039,1.0
10,arrow-acero-t16,arrow-acero,16,fixed,1.0,0.0,7,ok,b1351a421ba8dcfd,3117.633241,110.337575,0.0,0.0,0.0,0.0,59986052,72985,59986052,0,0,0,0,19240894.410260748,1.0
10,arrow-acero-t16,arrow-acero,16,fixed,1.0,0.0,8,ok,b1351a421ba8dcfd,3171.678186,135.411116,0.0,0.0,0.0,0.0,59986052,72985,59986052,0,0,0,0,18913032.3072443,1.0
10,arrow-acero-t16,arrow-acero,16,fixed,1.0,0.0,9,ok,b1351a421ba8dcfd,3158.512288,107.48903,0.0,0.0,0.0,0.0,59986052,72985,59986052,0,0,0,0,18991869.123923447,1.0
10,arrow-acero-t16,arrow-acero,16,fixed,1.0,0.0,10,ok,b1351a421ba8dcfd,3168.888134,139.345301,0.0,0.0,0.0,0.0,59986052,72985,59986052,0,0,0,0,18929684.31305313,1.0
10,arrow-acero-t16,arrow-acero,16,fixed,1.0,0.0,11,ok,b1351a421ba8dcfd,3126.83325,111.22498,0.0,0.0,0.0,0.0,59986052,72985,59986052,0,0,0,0,19184282.372588944,1.0
10,arrow-acero-t16,arrow-acero,16,fixed,1.0,0.0,12,ok,b1351a421ba8dcfd,3184.05194,145.170756,0.0,0.0,0.0,0.0,59986052,72985,59986052,0,0,0,0,18839533.126460243,1.0
10,arrow-acero-t32,arrow-acero,32,fixed,1.0,0.0,3,ok,b1351a421ba8dcfd,3080.764859,88.645502,0.0,0.0,0.0,0.0,59986052,72985,59986052,0,0,0,0,19471155.620578963,1.0
10,arrow-acero-t32,arrow-acero,32,fixed,1.0,0.0,4,ok,b1351a421ba8dcfd,3112.770581,106.519435,0.0,0.0,0.0,0.0,59986052,72985,59986052,0,0,0,0,19270951.854321703,1.0
10,arrow-acero-t32,arrow-acero,32,fixed,1.0,0.0,5,ok,b1351a421ba8dcfd,3182.826506,81.937113,0.0,0.0,0.0,0.0,59986052,72985,59986052,0,0,0,0,18846786.61778117,1.0
10,arrow-acero-t32,arrow-acero,32,fixed,1.0,0.0,6,ok,b1351a421ba8dcfd,3137.367399,102.508261,0.0,0.0,0.0,0.0,59986052,72985,59986052,0,0,0,0,19119868.466511082,1.0
10,arrow-acero-t32,arrow-acero,32,fixed,1.0,0.0,7,ok,b1351a421ba8dcfd,3119.341936,82.594361,0.0,0.0,0.0,0.0,59986052,72985,59986052,0,0,0,0,19230354.74492464,1.0
10,arrow-acero-t32,arrow-acero,32,fixed,1.0,0.0,8,ok,b1351a421ba8dcfd,3128.738807,105.237026,0.0,0.0,0.0,0.0,59986052,72985,59986052,0,0,0,0,19172598.19381273,1.0
10,arrow-acero-t32,arrow-acero,32,fixed,1.0,0.0,9,ok,b1351a421ba8dcfd,3180.537633,77.150119,0.0,0.0,0.0,0.0,59986052,72985,59986052,0,0,0,0,18860349.702392597,1.0
10,arrow-acero-t32,arrow-acero,32,fixed,1.0,0.0,10,ok,b1351a421ba8dcfd,3243.602143,111.988936,0.0,0.0,0.0,0.0,59986052,72985,59986052,0,0,0,0,18493652.845018484,1.0
10,arrow-acero-t32,arrow-acero,32,fixed,1.0,0.0,11,ok,b1351a421ba8dcfd,3106.786584,86.187451,0.0,0.0,0.0,0.0,59986052,72985,59986052,0,0,0,0,19308069.72996765,1.0
10,arrow-acero-t32,arrow-acero,32,fixed,1.0,0.0,12,ok,b1351a421ba8dcfd,3120.036996,103.226467,0.0,0.0,0.0,0.0,59986052,72985,59986052,0,0,0,0,19226070.741117585,1.0
10,gpu-copy,gpu-copy,1,fixed,0.0,1.0,3,ok,b1351a421ba8dcfd,15.358368,0.0,15.315967559814453,0.0,0.020927999168634415,0.0,59986052,72985,0,59986052,0,212,0,3905756913.7554197,0.0
10,gpu-copy,gpu-copy,1,fixed,0.0,1.0,4,ok,b1351a421ba8dcfd,15.424857,0.0,15.38150405883789,0.0,0.021983999758958817,0.0,59986052,72985,0,59986052,0,212,0,3888921109.60899,0.0
10,gpu-copy,gpu-copy,1,fixed,0.0,1.0,5,ok,b1351a421ba8dcfd,15.427892,0.0,15.384575843811035,0.0,0.019551999866962433,0.0,59986052,72985,0,59986052,0,212,0,3888156074.7249203,0.0
10,gpu-copy,gpu-copy,1,fixed,0.0,1.0,6,ok,b1351a421ba8dcfd,15.36632,0.0,15.327232360839844,0.0,0.020031999796628952,0.0,59986052,72985,0,59986052,0,212,0,3903735702.49741,0.0
10,gpu-copy,gpu-copy,1,fixed,0.0,1.0,7,ok,b1351a421ba8dcfd,15.363096,0.0,15.321087837219238,0.0,0.021056000143289566,0.0,59986052,72985,0,59986052,0,212,0,3904554915.2332315,0.0
10,gpu-copy,gpu-copy,1,fixed,0.0,1.0,8,ok,b1351a421ba8dcfd,15.424747,0.0,15.384575843811035,0.0,0.01990400068461895,0.0,59986052,72985,0,59986052,0,212,0,3888948843.050716,0.0
10,gpu-copy,gpu-copy,1,fixed,0.0,1.0,9,ok,b1351a421ba8dcfd,15.417666,0.0,15.375359535217285,0.0,0.02115200087428093,0.0,59986052,72985,0,59986052,0,212,0,3890734953.007803,0.0
10,gpu-copy,gpu-copy,1,fixed,0.0,1.0,10,ok,b1351a421ba8dcfd,15.414332,0.0,15.374336242675781,0.0,0.019711999222636223,0.0,59986052,72985,0,59986052,0,212,0,3891576488.685984,0.0
10,gpu-copy,gpu-copy,1,fixed,0.0,1.0,11,ok,b1351a421ba8dcfd,15.430205,0.0,15.388671875,0.0,0.019840000197291374,0.0,59986052,72985,0,59986052,0,212,0,3887573237.037356,0.0
10,gpu-copy,gpu-copy,1,fixed,0.0,1.0,12,ok,b1351a421ba8dcfd,15.1577,0.0,15.116288185119629,0.0,0.020479999482631683,0.0,59986052,72985,0,59986052,0,212,0,3957463995.1971602,0.0
10,gpu-managed,gpu-managed,1,fixed,0.0,1.0,3,ok,b1351a421ba8dcfd,16.009946,0.0,15.766624450683594,0.0942080020904541,0.11747200042009354,0.0,59986052,72985,0,59986052,212,212,0,3746799145.98088,0.0
10,gpu-managed,gpu-managed,1,fixed,0.0,1.0,4,ok,b1351a421ba8dcfd,15.07646,0.0,14.824447631835938,0.10339199751615524,0.11673600226640701,0.0,59986052,72985,0,59986052,212,212,0,3978788919.9453983,0.0
10,gpu-managed,gpu-managed,1,fixed,0.0,1.0,5,ok,b1351a421ba8dcfd,15.045985,0.0,14.804960250854492,0.09318400174379349,0.11769600212574005,0.0,59986052,72985,0,59986052,212,212,0,3986847786.9677525,0.0
10,gpu-managed,gpu-managed,1,fixed,0.0,1.0,6,ok,b1351a421ba8dcfd,15.100136,0.0,14.838784217834473,0.10444799810647964,0.12595200538635254,0.0,59986052,72985,0,59986052,212,212,0,3972550445.903269,0.0
10,gpu-managed,gpu-managed,1,fixed,0.0,1.0,7,ok,b1351a421ba8dcfd,15.053005,0.0,14.805760383605957,0.09523200243711472,0.11644800007343292,0.0,59986052,72985,0,59986052,212,212,0,3984988512.2605085,0.0
10,gpu-managed,gpu-managed,1,fixed,0.0,1.0,8,ok,b1351a421ba8dcfd,15.064642,0.0,14.809087753295898,0.10531199723482132,0.1186240017414093,0.0,59986052,72985,0,59986052,212,212,0,3981910223.9535465,0.0
10,gpu-managed,gpu-managed,1,fixed,0.0,1.0,9,ok,b1351a421ba8dcfd,15.044553,0.0,14.80396842956543,0.0942080020904541,0.11564800143241882,0.0,59986052,72985,0,59986052,212,212,0,3987227270.893326,0.0
10,gpu-managed,gpu-managed,1,fixed,0.0,1.0,10,ok,b1351a421ba8dcfd,15.076009,0.0,14.806015968322754,0.11231999844312668,0.12595200538635254,0.0,59986052,72985,0,59986052,212,212,0,3978907945.7301993,0.0
10,gpu-managed,gpu-managed,1,fixed,0.0,1.0,11,ok,b1351a421ba8dcfd,15.060897,0.0,14.797823905944824,0.09523200243711472,0.13516800105571747,0.0,59986052,72985,0,59986052,212,212,0,3982900354.474239,0.0
10,gpu-managed,gpu-managed,1,fixed,0.0,1.0,12,ok,b1351a421ba8dcfd,15.067006,0.0,14.807040214538574,0.10547199845314026,0.12569600343704224,0.0,59986052,72985,0,59986052,212,212,0,3981285465.7388473,0.0
10,gpu-mapped,gpu-mapped,1,fixed,0.0,1.0,3,ok,b1351a421ba8dcfd,358.578187,0.0,130.4330291748047,0.0,0.03465599939227104,0.0,59986052,72985,0,59986052,0,212,960652652,167288625.3953869,0.0
10,gpu-mapped,gpu-mapped,1,fixed,0.0,1.0,4,ok,b1351a421ba8dcfd,358.514564,0.0,130.41049194335938,0.0,0.035551998764276505,0.0,59986052,72985,0,59986052,0,212,960652652,167318312.90401915,0.0
10,gpu-mapped,gpu-mapped,1,fixed,0.0,1.0,5,ok,b1351a421ba8dcfd,367.31895,0.0,130.4320068359375,0.0,0.034752000123262405,0.0,59986052,72985,0,59986052,0,212,960652652,163307806.47173256,0.0
10,gpu-mapped,gpu-mapped,1,fixed,0.0,1.0,6,ok,b1351a421ba8dcfd,358.316961,0.0,130.5332489013672,0.0,0.03680000081658363,0.0,59986052,72985,0,59986052,0,212,960652652,167410584.84250763,0.0
10,gpu-mapped,gpu-mapped,1,fixed,0.0,1.0,7,ok,b1351a421ba8dcfd,358.554696,0.0,130.45846557617188,0.0,0.033215999603271484,0.0,59986052,72985,0,59986052,0,212,960652652,167299585.44455937,0.0
10,gpu-mapped,gpu-mapped,1,fixed,0.0,1.0,8,ok,b1351a421ba8dcfd,358.763946,0.0,130.46176147460938,0.0,0.035551998764276505,0.0,59986052,72985,0,59986052,0,212,960652652,167202007.52837077,0.0
10,gpu-mapped,gpu-mapped,1,fixed,0.0,1.0,9,ok,b1351a421ba8dcfd,358.625261,0.0,130.463623046875,0.0,0.03590400144457817,0.0,59986052,72985,0,59986052,0,212,960652652,167266666.6947368,0.0
10,gpu-mapped,gpu-mapped,1,fixed,0.0,1.0,10,ok,b1351a421ba8dcfd,358.471623,0.0,130.42279052734375,0.0,0.033663999289274216,0.0,59986052,72985,0,59986052,0,212,960652652,167338355.81735852,0.0
10,gpu-mapped,gpu-mapped,1,fixed,0.0,1.0,11,ok,b1351a421ba8dcfd,358.586003,0.0,130.46873474121094,0.0,0.03392000123858452,0.0,59986052,72985,0,59986052,0,212,960652652,167284979.05145505,0.0
10,gpu-mapped,gpu-mapped,1,fixed,0.0,1.0,12,ok,b1351a421ba8dcfd,365.387986,0.0,130.43589782714844,0.0,0.0342399999499321,0.0,59986052,72985,0,59986052,0,212,960652652,164170838.39204282,0.0
10,cudf,cudf,1,fixed,0.0,1.0,3,ok,b1351a421ba8dcfd,29.570078011602163,,,,,,59986052,72985,0,59986052,,,,2028606484.449036,0.0
10,cudf,cudf,1,fixed,0.0,1.0,4,ok,b1351a421ba8dcfd,28.374812100082636,,,,,,59986052,72985,0,59986052,,,,2114059884.8168337,0.0
10,cudf,cudf,1,fixed,0.0,1.0,5,ok,b1351a421ba8dcfd,28.380070347338915,,,,,,59986052,72985,0,59986052,,,,2113668192.7085023,0.0
10,cudf,cudf,1,fixed,0.0,1.0,6,ok,b1351a421ba8dcfd,28.19280233234167,,,,,,59986052,72985,0,59986052,,,,2127708033.1665492,0.0
10,cudf,cudf,1,fixed,0.0,1.0,7,ok,b1351a421ba8dcfd,27.80925203114748,,,,,,59986052,72985,0,59986052,,,,2157053772.3493323,0.0
10,cudf,cudf,1,fixed,0.0,1.0,8,ok,b1351a421ba8dcfd,27.924333233386278,,,,,,59986052,72985,0,59986052,,,,2148164165.591635,0.0
10,cudf,cudf,1,fixed,0.0,1.0,9,ok,b1351a421ba8dcfd,27.797675225883722,,,,,,59986052,72985,0,59986052,,,,2157952113.35314,0.0
10,cudf,cudf,1,fixed,0.0,1.0,10,ok,b1351a421ba8dcfd,27.887749020010233,,,,,,59986052,72985,0,59986052,,,,2150982209.319165,0.0
10,cudf,cudf,1,fixed,0.0,1.0,11,ok,b1351a421ba8dcfd,27.722854167222977,,,,,,59986052,72985,0,59986052,,,,2163776198.445041,0.0
10,cudf,cudf,1,fixed,0.0,1.0,12,ok,b1351a421ba8dcfd,27.80798077583313,,,,,,59986052,72985,0,59986052,,,,2157152383.1076446,0.0
10,hybrid-fixed-r0125-t16,hybrid-arrow,16,fixed,0.125,0.875,3,ok,b1351a421ba8dcfd,13.485439,3.937919,13.26591968536377,0.0,0.033695999532938004,3.8179809999999996,59986052,72985,7498257,52487795,0,212,0,4448209064.6066475,0.125
10,hybrid-fixed-r0125-t16,hybrid-arrow,16,fixed,0.125,0.875,4,ok,b1351a421ba8dcfd,13.369096,3.812102,13.187999725341797,0.0,0.026815999299287796,3.695238,59986052,72985,7498257,52487795,0,212,0,4486919085.628527,0.125
10,hybrid-fixed-r0125-t16,hybrid-arrow,16,fixed,0.125,0.875,5,ok,b1351a421ba8dcfd,13.505569,3.877599,13.31379222869873,0.0,0.028736000880599022,3.7622479999999996,59986052,72985,7498257,52487795,0,212,0,4441579025.659711,0.125
10,hybrid-fixed-r0125-t16,hybrid-arrow,16,fixed,0.125,0.875,6,ok,b1351a421ba8dcfd,12.519314,3.750681,12.34943962097168,0.0,0.024351999163627625,3.646027,59986052,72985,7498257,52487795,0,212,0,4791480747.267782,0.125
10,hybrid-fixed-r0125-t16,hybrid-arrow,16,fixed,0.125,0.875,7,ok,b1351a421ba8dcfd,12.464192,3.779894,12.25830364227295,0.0,0.033535998314619064,3.6724749999999986,59986052,72985,7498257,52487795,0,212,0,4812670729.077344,0.125
10,hybrid-fixed-r0125-t16,hybrid-arrow,16,fixed,0.125,0.875,8,ok,b1351a421ba8dcfd,12.455239,3.725984,12.282879829406738,0.0,0.023871999233961105,3.6146889999999985,59986052,72985,7498257,52487795,0,212,0,4816130144.110442,0.125
10,hybrid-fixed-r0125-t16,hybrid-arrow,16,fixed,0.125,0.875,9,ok,b1351a421ba8dcfd,12.505704,3.829618,12.285951614379883,0.0,0.03280000016093254,3.706996,59986052,72985,7498257,52487795,0,212,0,4796695331.986108,0.125
10,hybrid-fixed-r0125-t16,hybrid-arrow,16,fixed,0.125,0.875,10,ok,b1351a421ba8dcfd,12.454537,3.881535,12.26956844329834,0.0,0.025439999997615814,3.7614670000000014,59986052,72985,7498257,52487795,0,212,0,4816401605.29452,0.125
10,hybrid-fixed-r0125-t16,hybrid-arrow,16,fixed,0.125,0.875,11,ok,b1351a421ba8dcfd,12.560525,3.829067,12.314623832702637,0.0,0.034272000193595886,3.6826289999999986,59986052,72985,7498257,52487795,0,212,0,4775759930.416922,0.125
10,hybrid-fixed-r0125-t16,hybrid-arrow,16,fixed,0.125,0.875,12,ok,b1351a421ba8dcfd,12.512093,3.909887,12.31545639038086,0.0,0.024000000208616257,3.7837190000000014,59986052,72985,7498257,52487795,0,212,0,4794246014.635601,0.125
10,hybrid-fixed-r0250-t16,hybrid-arrow,16,fixed,0.25,0.75,3,ok,b1351a421ba8dcfd,11.525408,6.937384,11.313119888305664,0.0,0.0323840007185936,6.822512999999997,59986052,72985,14996513,44989539,0,212,0,5204679261.679934,0.25
10,hybrid-fixed-r0250-t16,hybrid-arrow,16,fixed,0.25,0.75,4,ok,b1351a421ba8dcfd,11.541102,6.846268,11.330400466918945,0.0,0.03200000151991844,6.726769999999998,59986052,72985,14996513,44989539,0,212,0,5197601754.147914,0.25
10,hybrid-fixed-r0250-t16,hybrid-arrow,16,fixed,0.25,0.75,5,ok,b1351a421ba8dcfd,11.526731,6.745729,11.33670425415039,0.0,0.02703999914228916,6.623958999999999,59986052,72985,14996513,44989539,0,212,0,5204081885.8356285,0.25
10,hybrid-fixed-r0250-t16,hybrid-arrow,16,fixed,0.25,0.75,6,ok,b1351a421ba8dcfd,11.484077,6.57812,11.309791564941406,0.0,0.028063999488949776,6.475256999999999,59986052,72985,14996513,44989539,0,212,0,5223410814.817769,0.25
10,hybrid-fixed-r0250-t16,hybrid-arrow,16,fixed,0.25,0.75,7,ok,b1351a421ba8dcfd,11.549424,6.929402,11.34182357788086,0.0,0.032896000891923904,6.819737999999999,59986052,72985,14996513,44989539,0,212,0,5193856594.060449,0.25
10,hybrid-fixed-r0250-t16,hybrid-arrow,16,fixed,0.25,0.75,8,ok,b1351a421ba8dcfd,11.490977,6.51064,11.284480094909668,0.0,0.03248000144958496,6.396441000000001,59986052,72985,14996513,44989539,0,212,0,5220274307.397882,0.25
10,hybrid-fixed-r0250-t16,hybrid-arrow,16,fixed,0.25,0.75,9,ok,b1351a421ba8dcfd,11.60096,6.607234,11.424736022949219,0.0,0.028511999174952507,6.506153999999999,59986052,72985,14996513,44989539,0,212,0,5170783452.403938,0.25
10,hybrid-fixed-r0250-t16,hybrid-arrow,16,fixed,0.25,0.75,10,ok,b1351a421ba8dcfd,11.518287,6.819489,11.34489631652832,0.0,0.025567999109625816,6.710728999999999,59986052,72985,14996513,44989539,0,212,0,5207896972.874525,0.25
10,hybrid-fixed-r0250-t16,hybrid-arrow,16,fixed,0.25,0.75,11,ok,b1351a421ba8dcfd,10.816756,6.917194,10.60860824584961,0.0,0.03308799862861633,6.808011999999998,59986052,72985,14996513,44989539,0,212,0,5545660085.149374,0.25
10,hybrid-fixed-r0250-t16,hybrid-arrow,16,fixed,0.25,0.75,12,ok,b1351a421ba8dcfd,10.726922,6.775413,10.51750373840332,0.0,0.03296000137925148,6.663717,59986052,72985,14996513,44989539,0,212,0,5592102935.026469,0.25
10,hybrid-fixed-r0375-t16,hybrid-arrow,16,fixed,0.375,0.625,3,ok,b1351a421ba8dcfd,10.108193,10.036167,9.422847747802734,0.0,0.03302399814128876,9.439191000000003,59986052,72985,22494770,37491282,0,212,0,5934399155.219929,0.375
10,hybrid-fixed-r0375-t16,hybrid-arrow,16,fixed,0.375,0.625,4,ok,b1351a421ba8dcfd,9.772805,9.705936,9.379039764404297,0.0,0.02876799926161766,9.396246,59986052,72985,22494770,37491282,0,212,0,6138058827.532116,0.375
10,hybrid-fixed-r0375-t16,hybrid-arrow,16,fixed,0.375,0.625,5,ok,b1351a421ba8dcfd,9.697483,9.622793,9.424896240234375,0.0,0.03302399814128876,9.449957000000003,59986052,72985,22494770,37491282,0,212,0,6185734174.527555,0.375
10,hybrid-fixed-r0375-t16,hybrid-arrow,16,fixed,0.375,0.625,6,ok,b1351a421ba8dcfd,10.090558,10.021274,9.451519966125488,0.0,0.03340800106525421,9.485006999999998,59986052,72985,22494770,37491282,0,212,0,5944770546.88155,0.375
10,hybrid-fixed-r0375-t16,hybrid-arrow,16,fixed,0.375,0.625,7,ok,b1351a421ba8dcfd,10.01798,9.95113,9.408512115478516,0.0,0.03363199904561043,9.427271,59986052,72985,22494770,37491282,0,212,0,5987839065.360482,0.375
10,hybrid-fixed-r0375-t16,hybrid-arrow,16,fixed,0.375,0.625,8,ok,b1351a421ba8dcfd,10.127171,10.053973,9.512960433959961,0.0,0.03577600046992302,9.548602999999996,59986052,72985,22494770,37491282,0,212,0,5923278277.813221,0.375
10,hybrid-fixed-r0375-t16,hybrid-arrow,16,fixed,0.375,0.625,9,ok,b1351a421ba8dcfd,9.862148,9.799005,9.393152236938477,0.0,0.029888000339269638,9.402265,59986052,72985,22494770,37491282,0,212,0,6082453031.5302515,0.375
10,hybrid-fixed-r0375-t16,hybrid-arrow,16,fixed,0.375,0.625,10,ok,b1351a421ba8dcfd,10.109736,10.042917,9.389056205749512,0.0,0.029888000339269638,9.398589000000001,59986052,72985,22494770,37491282,0,212,0,5933493416.643126,0.375
10,hybrid-fixed-r0375-t16,hybrid-arrow,16,fixed,0.375,0.625,11,ok,b1351a421ba8dcfd,9.978781,9.913685,9.426015853881836,0.0,0.03455999866127968,9.423956999999998,59986052,72985,22494770,37491282,0,212,0,6011360706.282661,0.375
10,hybrid-fixed-r0375-t16,hybrid-arrow,16,fixed,0.375,0.625,12,ok,b1351a421ba8dcfd,10.159219,10.092009,9.40236759185791,0.0,0.03564799949526787,9.421533,59986052,72985,22494770,37491282,0,212,0,5904592862.896252,0.375
10,hybrid-fixed-r0500-t16,hybrid-arrow,16,fixed,0.5,0.5,3,ok,b1351a421ba8dcfd,13.397709,13.32369,7.412735939025879,0.0,0.03046399913728237,7.4250989999999994,59986052,72985,29993026,29993026,0,212,0,4477336535.671883,0.5
10,hybrid-fixed-r0500-t16,hybrid-arrow,16,fixed,0.5,0.5,4,ok,b1351a421ba8dcfd,13.477839,13.403909,7.379968166351318,0.0,0.028543999418616295,7.383587,59986052,72985,29993026,29993026,0,212,0,4450717359.066242,0.5
10,hybrid-fixed-r0500-t16,hybrid-arrow,16,fixed,0.5,0.5,5,ok,b1351a421ba8dcfd,13.298042,13.230481,7.4055681228637695,0.0,0.02304000034928322,7.395543999999999,59986052,72985,29993026,29993026,0,212,0,4510893558.615622,0.5
10,hybrid-fixed-r0500-t16,hybrid-arrow,16,fixed,0.5,0.5,6,ok,b1351a421ba8dcfd,13.368856,13.297681,7.428256034851074,0.0,0.023840000852942467,7.413692000000003,59986052,72985,29993026,29993026,0,212,0,4486999635.570912,0.5
10,hybrid-fixed-r0500-t16,hybrid-arrow,16,fixed,0.5,0.5,7,ok,b1351a421ba8dcfd,13.381846,13.31019,7.406432151794434,0.0,0.032735999673604965,7.436085,59986052,72985,29993026,29993026,0,212,0,4482644023.851418,0.5
10,hybrid-fixed-r0500-t16,hybrid-arrow,16,fixed,0.5,0.5,8,ok,b1351a421ba8dcfd,13.355056,13.28393,7.406847953796387,0.0,0.0261439997702837,7.396815999999999,59986052,72985,29993026,29993026,0,212,0,4491636126.4228325,0.5
10,hybrid-fixed-r0500-t16,hybrid-arrow,16,fixed,0.5,0.5,9,ok,b1351a421ba8dcfd,13.273876,13.195379,7.401472091674805,0.0,0.02191999927163124,7.3896250000000006,59986052,72985,29993026,29993026,0,212,0,4519105949.159085,0.5
10,hybrid-fixed-r0500-t16,hybrid-arrow,16,fixed,0.5,0.5,10,ok,b1351a421ba8dcfd,13.487072,13.413002,7.385824203491211,0.0,0.034591998904943466,7.4173870000000015,59986052,72985,29993026,29993026,0,212,0,4447670480.294018,0.5
10,hybrid-fixed-r0500-t16,hybrid-arrow,16,fixed,0.5,0.5,11,ok,b1351a421ba8dcfd,13.503387,13.433993,7.444479942321777,0.0,0.035551998764276505,7.473438999999999,59986052,72985,29993026,29993026,0,212,0,4442296736.366958,0.5
10,hybrid-fixed-r0500-t16,hybrid-arrow,16,fixed,0.5,0.5,12,ok,b1351a421ba8dcfd,13.632428,13.558028,7.4106879234313965,0.0,0.021824000403285027,7.387632999999999,59986052,72985,29993026,29993026,0,212,0,4400247116.654494,0.5
10,hybrid-fixed-r0625-t16,hybrid-arrow,16,fixed,0.625,0.375,3,ok,b1351a421ba8dcfd,15.967407,15.898114,5.643136024475098,0.0,0.02284800074994564,5.635930999999999,59986052,72985,37491283,22494769,0,212,0,3756781047.7931705,0.625
10,hybrid-fixed-r0625-t16,hybrid-arrow,16,fixed,0.625,0.375,4,ok,b1351a421ba8dcfd,16.026935,15.943652,5.653567790985107,0.0,0.022655999287962914,5.632527,59986052,72985,37491283,22494769,0,212,0,3742827433.9416733,0.625
10,hybrid-fixed-r0625-t16,hybrid-arrow,16,fixed,0.625,0.375,5,ok,b1351a421ba8dcfd,16.026865,15.951153,5.627903938293457,0.0,0.020896000787615776,5.6057169999999985,59986052,72985,37491283,22494769,0,212,0,3742843781.363354,0.625
10,hybrid-fixed-r0625-t16,hybrid-arrow,16,fixed,0.625,0.375,6,ok,b1351a421ba8dcfd,15.860968,15.782542,5.618912220001221,0.0,0.022431999444961548,5.601951,59986052,72985,37491283,22494769,0,212,0,3781991868.33994,0.625
10,hybrid-fixed-r0625-t16,hybrid-arrow,16,fixed,0.625,0.375,7,ok,b1351a421ba8dcfd,15.948059,15.877333,5.6236162185668945,0.0,0.022495999932289124,5.614049000000001,59986052,72985,37491283,22494769,0,212,0,3761338730.938981,0.625
10,hybrid-fixed-r0625-t16,hybrid-arrow,16,fixed,0.625,0.375,8,ok,b1351a421ba8dcfd,15.753249,15.677686,5.638144016265869,0.0,0.03200000151991844,5.656451999999998,59986052,72985,37491283,22494769,0,212,0,3807852716.6046824,0.625
10,hybrid-fixed-r0625-t16,hybrid-arrow,16,fixed,0.625,0.375,9,ok,b1351a421ba8dcfd,16.04327,15.972794,5.62175989151001,0.0,0.027712000533938408,5.631523999999999,59986052,72985,37491283,22494769,0,212,0,3739016547.125368,0.625
10,hybrid-fixed-r0625-t16,hybrid-arrow,16,fixed,0.625,0.375,10,ok,b1351a421ba8dcfd,16.168436,16.092462,5.611519813537598,0.0,0.03392000123858452,5.637022000000002,59986052,72985,37491283,22494769,0,212,0,3710071400.84545,0.625
10,hybrid-fixed-r0625-t16,hybrid-arrow,16,fixed,0.625,0.375,11,ok,b1351a421ba8dcfd,15.924533,15.853167,5.630047798156738,0.0,0.03385600075125694,5.656682,59986052,72985,37491283,22494769,0,212,0,3766895519.008312,0.625
10,hybrid-fixed-r0625-t16,hybrid-arrow,16,fixed,0.625,0.375,12,ok,b1351a421ba8dcfd,15.829151,15.755663,5.608448028564453,0.0,0.03145600110292435,5.619356999999999,59986052,72985,37491283,22494769,0,212,0,3789593769.116234,0.625
10,hybrid-fixed-r0750-t16,hybrid-arrow,16,fixed,0.75,0.25,3,ok,b1351a421ba8dcfd,18.727216,18.640367,3.675136089324951,0.0,0.02252800017595291,3.6502410000000047,59986052,72985,44989539,14996513,0,212,0,3203148401.769916,0.75
10,hybrid-fixed-r0750-t16,hybrid-arrow,16,fixed,0.75,0.25,4,ok,b1351a421ba8dcfd,18.993932,18.917369,3.616447925567627,0.0,0.021888000890612602,3.5936480000000017,59986052,72985,44989539,14996513,0,212,0,3158169251.10609,0.75
10,hybrid-fixed-r0750-t16,hybrid-arrow,16,fixed,0.75,0.25,5,ok,b1351a421ba8dcfd,18.983366,18.905642,3.634943962097168,0.0,0.02191999927163124,3.6170040000000014,59986052,72985,44989539,14996513,0,212,0,3159927064.5680013,0.75
10,hybrid-fixed-r0750-t16,hybrid-arrow,16,fixed,0.75,0.25,6,ok,b1351a421ba8dcfd,19.028333,18.954954,3.6703040599823,0.0,0.0225600004196167,3.6649230000000017,59986052,72985,44989539,14996513,0,212,0,3152459650.56424,0.75
10,hybrid-fixed-r0750-t16,hybrid-arrow,16,fixed,0.75,0.25,7,ok,b1351a421ba8dcfd,18.971889,18.892982,3.6227200031280518,0.0,0.02163200080394745,3.5964509999999983,59986052,72985,44989539,14996513,0,212,0,3161838655.075412,0.75
10,hybrid-fixed-r0750-t16,hybrid-arrow,16,fixed,0.75,0.25,8,ok,b1351a421ba8dcfd,18.873073,18.801396,3.6679680347442627,0.0,0.021695999428629875,3.6567000000000007,59986052,72985,44989539,14996513,0,212,0,3178393470.9519744,0.75
10,hybrid-fixed-r0750-t16,hybrid-arrow,16,fixed,0.75,0.25,9,ok,b1351a421ba8dcfd,18.940533,18.861065,3.6372480392456055,0.0,0.021536000072956085,3.6161020000000015,59986052,72985,44989539,14996513,0,212,0,3167073070.2245817,0.75
10,hybrid-fixed-r0750-t16,hybrid-arrow,16,fixed,0.75,0.25,10,ok,b1351a421ba8dcfd,18.932201,18.856929,3.6658239364624023,0.0,0.022048000246286392,3.6510320000000043,59986052,72985,44989539,14996513,0,212,0,3168466888.767978,0.75
10,hybrid-fixed-r0750-t16,hybrid-arrow,16,fixed,0.75,0.25,11,ok,b1351a421ba8dcfd,19.0998,19.027282,3.6669440269470215,0.0,0.02163200080394745,3.6467069999999993,59986052,72985,44989539,14996513,0,212,0,3140663881.297187,0.75
10,hybrid-fixed-r0750-t16,hybrid-arrow,16,fixed,0.75,0.25,12,ok,b1351a421ba8dcfd,19.037096,18.961704,3.6628479957580566,0.0,0.023840000852942467,3.644743000000002,59986052,72985,44989539,14996513,0,212,0,3151008536.175896,0.75
10,hybrid-fixed-r0875-t16,hybrid-arrow,16,fixed,0.875,0.125,3,ok,b1351a421ba8dcfd,21.789375,21.708405,1.619968056678772,0.0,0.021536000072956085,1.6020199999999996,59986052,72985,52487796,7498256,0,212,0,2752995531.078794,0.875
10,hybrid-fixed-r0875-t16,hybrid-arrow,16,fixed,0.875,0.125,4,ok,b1351a421ba8dcfd,21.912688,21.825288,1.6289279460906982,0.0,0.032255999743938446,1.643181000000002,59986052,72985,52487796,7498256,0,212,0,2737503130.606341,0.875
10,hybrid-fixed-r0875-t16,hybrid-arrow,16,fixed,0.875,0.125,5,ok,b1351a421ba8dcfd,21.95419,21.879358,1.6310720443725586,0.0,0.024447999894618988,1.6218179999999975,59986052,72985,52487796,7498256,0,212,0,2732328179.723324,0.875
10,hybrid-fixed-r0875-t16,hybrid-arrow,16,fixed,0.875,0.125,6,ok,b1351a421ba8dcfd,21.874471,21.78588,1.641152024269104,0.0,0.033055998384952545,1.6533149999999992,59986052,72985,52487796,7498256,0,212,0,2742285836.3066244,0.875
10,hybrid-fixed-r0875-t16,hybrid-arrow,16,fixed,0.875,0.125,7,ok,b1351a421ba8dcfd,21.98123,21.902343,1.6302080154418945,0.0,0.025536000728607178,1.6186849999999957,59986052,72985,52487796,7498256,0,212,0,2728967032.3271265,0.875
10,hybrid-fixed-r0875-t16,hybrid-arrow,16,fixed,0.875,0.125,8,ok,b1351a421ba8dcfd,21.955071,21.873701,1.6363519430160522,0.0,0.03203200176358223,1.6453239999999987,59986052,72985,52487796,7498256,0,212,0,2732218538.4870768,0.875
10,hybrid-fixed-r0875-t16,hybrid-arrow,16,fixed,0.875,0.125,9,ok,b1351a421ba8dcfd,21.967559,21.891257,1.6250879764556885,0.0,0.025760000571608543,1.6242030000000014,59986052,72985,52487796,7498256,0,212,0,2730665341.561163,0.875
10,hybrid-fixed-r0875-t16,hybrid-arrow,16,fixed,0.875,0.125,10,ok,b1351a421ba8dcfd,22.366493,22.287886,1.6312320232391357,0.0,0.02319999970495701,1.6103430000000003,59986052,72985,52487796,7498256,0,212,0,2681960555.9083405,0.875
10,hybrid-fixed-r0875-t16,hybrid-arrow,16,fixed,0.875,0.125,11,ok,b1351a421ba8dcfd,21.848783,21.774714,1.623039960861206,0.0,0.022336000576615334,1.6041230000000013,59986052,72985,52487796,7498256,0,212,0,2745509990.1903,0.875
10,hybrid-fixed-r0875-t16,hybrid-arrow,16,fixed,0.875,0.125,12,ok,b1351a421ba8dcfd,21.874412,21.799851,1.6311039924621582,0.0,0.03308799862861633,1.6513830000000027,59986052,72985,52487796,7498256,0,212,0,2742293232.8420987,0.875
10,hybrid-auto-t16,hybrid-arrow,16,auto,0.28842544930278124,0.7115745506972188,3,ok,b1351a421ba8dcfd,10.976334,7.369076,10.766336441040039,0.0,0.03292800113558769,7.257400000000002,59986052,72985,17301504,42684548,0,212,0,5465035229.430883,0.28842544930278124
10,hybrid-auto-t16,hybrid-arrow,16,auto,0.28842544930278124,0.7115745506972188,4,ok,b1351a421ba8dcfd,10.983585,7.300885,10.773504257202148,0.0,0.03404799848794937,7.1939769999999985,59986052,72985,17301504,42684548,0,212,0,5461427393.697049,0.28842544930278124
10,hybrid-auto-t16,hybrid-arrow,16,auto,0.28842544930278124,0.7115745506972188,5,ok,b1351a421ba8dcfd,10.985067,7.937781,10.785632133483887,0.0,0.03407999873161316,7.834167999999998,59986052,72985,17301504,42684548,0,212,0,5460690590.234907,0.28842544930278124
10,hybrid-auto-t16,hybrid-arrow,16,auto,0.28842544930278124,0.7115745506972188,6,ok,b1351a421ba8dcfd,10.899611,7.347143,10.71615982055664,0.0,0.028384000062942505,7.239071999999998,59986052,72985,17301504,42684548,0,212,0,5503503932.388045,0.28842544930278124
10,hybrid-auto-t16,hybrid-arrow,16,auto,0.28842544930278124,0.7115745506972188,7,ok,b1351a421ba8dcfd,10.984326,7.698906,10.784768104553223,0.0,0.03094400092959404,7.592548999999998,59986052,72985,17301504,42684548,0,212,0,5461058967.113686,0.28842544930278124
10,hybrid-auto-t16,hybrid-arrow,16,auto,0.28842544930278124,0.7115745506972188,8,ok,b1351a421ba8dcfd,10.936826,7.457758,10.73151969909668,0.0,0.0326399989426136,7.356006999999998,59986052,72985,17301504,42684548,0,212,0,5484777027.631234,0.28842544930278124
10,hybrid-auto-t16,hybrid-arrow,16,auto,0.28842544930278124,0.7115745506972188,9,ok,b1351a421ba8dcfd,10.943445,7.700349,10.749919891357422,0.0,0.029888000339269638,7.591107000000001,59986052,72985,17301504,42684548,0,212,0,5481459631.770434,0.28842544930278124
10,hybrid-auto-t16,hybrid-arrow,16,auto,0.28842544930278124,0.7115745506972188,10,ok,b1351a421ba8dcfd,10.96703,7.750232,10.764287948608398,0.0,0.030880000442266464,7.634118999999998,59986052,72985,17301504,42684548,0,212,0,5469671551.91515,0.28842544930278124
10,hybrid-auto-t16,hybrid-arrow,16,auto,0.28842544930278124,0.7115745506972188,11,ok,b1351a421ba8dcfd,11.022403,7.81607,10.811391830444336,0.0,0.03923200070858002,7.710031999999998,59986052,72985,17301504,42684548,0,212,0,5442193684.988654,0.28842544930278124
10,hybrid-auto-t16,hybrid-arrow,16,auto,0.28842544930278124,0.7115745506972188,12,ok,b1351a421ba8dcfd,11.003504,7.777913,10.797056198120117,0.0,0.03094400092959404,7.655781000000003,59986052,72985,17301504,42684548,0,212,0,5451540890.974366,0.28842544930278124
