algo,variant,r_exp,r_size,s_size,payload_width,radix_bits,threads,repeats,ok_runs,status,throughput_mtps,time_ms,vector_total_bytes,extra_space_ratio,raw_csv
NPO,NPO,5,32,1073741824,,,32,1,1,OK,6686.064386,160.594,1049736,0.00012221,final-full-main-s2e30-r5-t32.raw.csv
PRO,PRO,5,32,1073741824,,18,32,1,1,OK,1266.163174,848.028,,,final-full-main-s2e30-r5-t32.raw.csv
VJ,VJ_pw1,5,32,1073741824,1,,32,1,1,OK,6944.256831,154.623,64,0.00000001,final-full-main-s2e30-r5-t32.raw.csv
VJ,VJ_pw2,5,32,1073741824,2,,32,1,1,OK,5351.317339,200.650,96,0.00000001,final-full-main-s2e30-r5-t32.raw.csv
VJ,VJ_pw4,5,32,1073741824,4,,32,1,1,OK,7605.427246,141.181,160,0.00000002,final-full-main-s2e30-r5-t32.raw.csv
PRVJ,PRVJ_best,5,32,1073741824,4,18,32,1,1,OK,1165.401844,921.349,155,0.00000002,final-full-main-s2e30-r5-t32.raw.csv
NPO,NPO,6,64,1073741824,,,64,1,1,OK,9665.947914,111.085,2099336,0.00024439,final-full-main-s2e30.raw.csv
PRO,PRO,6,64,1073741824,,18,64,1,1,OK,1007.717201,1065.519,,,final-full-main-s2e30.raw.csv
VJ,VJ_pw1,6,64,1073741824,1,,64,1,1,OK,5014.040934,214.147,128,0.00000001,final-full-main-s2e30.raw.csv
VJ,VJ_pw2,6,64,1073741824,2,,64,1,1,OK,7458.197822,143.968,192,0.00000002,final-full-main-s2e30.raw.csv
VJ,VJ_pw4,6,64,1073741824,4,,64,1,1,OK,8494.927325,126.398,320,0.00000004,final-full-main-s2e30.raw.csv
NPO,NPO,7,128,1073741824,,,64,1,1,OK,9435.838656,113.794,2100360,0.00024451,final-full-main-s2e30.raw.csv
PRO,PRO,7,128,1073741824,,18,64,1,1,OK,1048.564736,1024.011,,,final-full-main-s2e30.raw.csv
VJ,VJ_pw1,7,128,1073741824,1,,64,1,1,OK,7278.865363,147.515,258,0.00000003,final-full-main-s2e30.raw.csv
VJ,VJ_pw2,7,128,1073741824,2,,64,1,1,OK,8464.057134,126.859,387,0.00000005,final-full-main-s2e30.raw.csv
VJ,VJ_pw4,7,128,1073741824,4,,64,1,1,OK,9836.313555,109.161,645,0.00000008,final-full-main-s2e30.raw.csv
NPO,NPO,8,256,1073741824,,,64,1,1,OK,10240.156252,104.856,2102408,0.00024475,final-full-main-s2e30.raw.csv
PRO,PRO,8,256,1073741824,,18,64,1,1,OK,1004.514690,1068.916,,,final-full-main-s2e30.raw.csv
VJ,VJ_pw1,8,256,1073741824,1,,64,1,1,OK,7715.269877,139.171,514,0.00000006,final-full-main-s2e30.raw.csv
VJ,VJ_pw2,8,256,1073741824,2,,64,1,1,OK,8621.039302,124.549,771,0.00000009,final-full-main-s2e30.raw.csv
VJ,VJ_pw4,8,256,1073741824,4,,64,1,1,OK,10377.024190,103.473,1285,0.00000015,final-full-main-s2e30.raw.csv
NPO,NPO,9,512,1073741824,,,64,1,1,OK,10543.419324,101.840,2106504,0.00024523,final-full-main-s2e30.raw.csv
PRO,PRO,9,512,1073741824,,18,64,1,1,OK,1161.058032,924.796,,,final-full-main-s2e30.raw.csv
VJ,VJ_pw1,9,512,1073741824,1,,64,1,1,OK,8059.067685,133.234,1026,0.00000012,final-full-main-s2e30.raw.csv
VJ,VJ_pw2,9,512,1073741824,2,,64,1,1,OK,8664.378936,123.926,1539,0.00000018,final-full-main-s2e30.raw.csv
VJ,VJ_pw4,9,512,1073741824,4,,64,1,1,OK,10226.112610,105.000,2565,0.00000030,final-full-main-s2e30.raw.csv
NPO,NPO,10,1024,1073741824,,,64,1,1,OK,10042.384789,106.921,2114696,0.00024618,final-full-main-s2e30.raw.csv
PRO,PRO,10,1024,1073741824,,18,64,1,1,OK,1245.290561,862.242,,,final-full-main-s2e30.raw.csv
VJ,VJ_pw1,10,1024,1073741824,1,,64,1,1,OK,7736.672460,138.786,2050,0.00000024,final-full-main-s2e30.raw.csv
VJ,VJ_pw2,10,1024,1073741824,2,,64,1,1,OK,8345.965333,128.654,3075,0.00000036,final-full-main-s2e30.raw.csv
VJ,VJ_pw4,10,1024,1073741824,4,,64,1,1,OK,9997.689215,107.399,5125,0.00000060,final-full-main-s2e30.raw.csv
NPO,NPO,11,2048,1073741824,,,64,1,1,OK,10383.446547,103.409,2131080,0.00024809,final-full-main-s2e30.raw.csv
PRO,PRO,11,2048,1073741824,,18,64,1,1,OK,1256.557053,854.511,,,final-full-main-s2e30.raw.csv
VJ,VJ_pw1,11,2048,1073741824,1,,64,1,1,OK,7969.168261,134.737,4098,0.00000048,final-full-main-s2e30.raw.csv
VJ,VJ_pw2,11,2048,1073741824,2,,64,1,1,OK,8592.615488,124.961,6147,0.00000072,final-full-main-s2e30.raw.csv
VJ,VJ_pw4,11,2048,1073741824,4,,64,1,1,OK,9991.828032,107.462,10245,0.00000119,final-full-main-s2e30.raw.csv
NPO,NPO,12,4096,1073741824,,,64,1,1,OK,9374.382958,114.540,2163848,0.00025190,final-full-main-s2e30.raw.csv
PRO,PRO,12,4096,1073741824,,18,64,1,1,OK,1322.726586,811.764,,,final-full-main-s2e30.raw.csv
VJ,VJ_pw1,12,4096,1073741824,1,,64,1,1,OK,7772.514760,138.146,8194,0.00000095,final-full-main-s2e30.raw.csv
VJ,VJ_pw2,12,4096,1073741824,2,,64,1,1,OK,8499.096251,126.336,12291,0.00000143,final-full-main-s2e30.raw.csv
VJ,VJ_pw4,12,4096,1073741824,4,,64,1,1,OK,10204.052420,105.227,20485,0.00000238,final-full-main-s2e30.raw.csv
NPO,NPO,13,8192,1073741824,,,64,1,1,OK,8869.134961,121.065,2229384,0.00025953,final-full-main-s2e30.raw.csv
PRO,PRO,13,8192,1073741824,,18,64,1,1,OK,1237.441757,867.711,,,final-full-main-s2e30.raw.csv
VJ,VJ_pw1,13,8192,1073741824,1,,64,1,1,OK,7849.793283,136.786,16386,0.00000191,final-full-main-s2e30.raw.csv
VJ,VJ_pw2,13,8192,1073741824,2,,64,1,1,OK,8627.828013,124.451,24579,0.00000286,final-full-main-s2e30.raw.csv
VJ,VJ_pw4,13,8192,1073741824,4,,64,1,1,OK,9928.081071,108.152,40965,0.00000477,final-full-main-s2e30.raw.csv
NPO,NPO,14,16384,1073741824,,,64,1,1,OK,8192.812581,131.059,2360456,0.00027479,final-full-main-s2e30.raw.csv
PRO,PRO,14,16384,1073741824,,18,64,1,1,OK,1269.567539,845.754,,,final-full-main-s2e30.raw.csv
VJ,VJ_pw1,14,16384,1073741824,1,,64,1,1,OK,7962.549400,134.849,32770,0.00000381,final-full-main-s2e30.raw.csv
VJ,VJ_pw2,14,16384,1073741824,2,,64,1,1,OK,8411.147246,127.657,49155,0.00000572,final-full-main-s2e30.raw.csv
VJ,VJ_pw4,14,16384,1073741824,4,,64,1,1,OK,9785.486148,109.728,81925,0.00000954,final-full-main-s2e30.raw.csv
NPO,NPO,15,32768,1073741824,,,64,1,1,OK,7678.634276,139.835,2622600,0.00030530,final-full-main-s2e30.raw.csv
PRO,PRO,15,32768,1073741824,,18,64,1,1,OK,1191.085151,901.482,,,final-full-main-s2e30.raw.csv
VJ,VJ_pw1,15,32768,1073741824,1,,64,1,1,OK,8044.335576,133.478,65538,0.00000763,final-full-main-s2e30.raw.csv
VJ,VJ_pw2,15,32768,1073741824,2,,64,1,1,OK,8781.799344,122.269,98307,0.00001144,final-full-main-s2e30.raw.csv
VJ,VJ_pw4,15,32768,1073741824,4,,64,1,1,OK,10086.155199,106.457,163845,0.00001907,final-full-main-s2e30.raw.csv
NPO,NPO,16,65536,1073741824,,,64,1,1,OK,6028.091959,178.123,3146888,0.00036632,final-full-main-s2e30.raw.csv
PRO,PRO,16,65536,1073741824,,18,64,1,1,OK,1156.907259,928.114,,,final-full-main-s2e30.raw.csv
VJ,VJ_pw1,16,65536,1073741824,1,,64,1,1,OK,7495.056708,143.260,131074,0.00001526,final-full-main-s2e30.raw.csv
VJ,VJ_pw2,16,65536,1073741824,2,,64,1,1,OK,8758.232793,122.598,196611,0.00002289,final-full-main-s2e30.raw.csv
VJ,VJ_pw4,16,65536,1073741824,4,,64,1,1,OK,10260.117571,104.652,327685,0.00003815,final-full-main-s2e30.raw.csv
NPO,NPO,17,131072,1073741824,,,64,1,1,OK,4821.796816,222.685,4195464,0.00048836,final-full-main-s2e30.raw.csv
PRO,PRO,17,131072,1073741824,,18,64,1,1,OK,1135.156036,945.898,,,final-full-main-s2e30.raw.csv
VJ,VJ_pw1,17,131072,1073741824,1,,64,1,1,OK,7973.251433,134.668,262146,0.00003051,final-full-main-s2e30.raw.csv
VJ,VJ_pw2,17,131072,1073741824,2,,64,1,1,OK,8409.302769,127.685,393219,0.00004577,final-full-main-s2e30.raw.csv
VJ,VJ_pw4,17,131072,1073741824,4,,64,1,1,OK,8982.205469,119.541,655365,0.00007629,final-full-main-s2e30.raw.csv
NPO,NPO,18,262144,1073741824,,,64,1,1,OK,4199.339927,255.693,6292616,0.00073238,final-full-main-s2e30.raw.csv
PRO,PRO,18,262144,1073741824,,18,64,1,1,OK,1104.338630,972.294,,,final-full-main-s2e30.raw.csv
VJ,VJ_pw1,18,262144,1073741824,1,,64,1,1,OK,7502.231116,143.123,524290,0.00006102,final-full-main-s2e30.raw.csv
VJ,VJ_pw2,18,262144,1073741824,2,,64,1,1,OK,7605.104039,141.187,786435,0.00009153,final-full-main-s2e30.raw.csv
VJ,VJ_pw4,18,262144,1073741824,4,,64,1,1,OK,5072.668204,211.672,1310725,0.00015255,final-full-main-s2e30.raw.csv
NPO,NPO,19,524288,1073741824,,,64,1,1,OK,3912.026815,274.472,10486920,0.00122024,final-full-main-s2e30.raw.csv
PRO,PRO,19,524288,1073741824,,18,64,1,1,OK,1104.519253,972.135,,,final-full-main-s2e30.raw.csv
VJ,VJ_pw1,19,524288,1073741824,1,,64,1,1,OK,6410.552037,167.496,1048578,0.00012201,final-full-main-s2e30.raw.csv
VJ,VJ_pw2,19,524288,1073741824,2,,64,1,1,OK,5858.318051,183.285,1572867,0.00018302,final-full-main-s2e30.raw.csv
VJ,VJ_pw4,19,524288,1073741824,4,,64,1,1,OK,5116.637951,209.853,2621445,0.00030503,final-full-main-s2e30.raw.csv
NPO,NPO,20,1048576,1073741824,,,64,1,1,OK,3690.506601,290.947,18875528,0.00219526,final-full-main-s2e30.raw.csv
PRO,PRO,20,1048576,1073741824,,18,64,1,1,OK,1062.528956,1010.553,,,final-full-main-s2e30.raw.csv
VJ,VJ_pw1,20,1048576,1073741824,1,,64,1,1,OK,4535.819301,236.725,2097154,0.00024390,final-full-main-s2e30.raw.csv
VJ,VJ_pw2,20,1048576,1073741824,2,,64,1,1,OK,4653.813551,230.723,3145731,0.00036585,final-full-main-s2e30.raw.csv
VJ,VJ_pw4,20,1048576,1073741824,4,,64,1,1,OK,4178.666646,256.958,5242885,0.00060976,final-full-main-s2e30.raw.csv
NPO,NPO,21,2097152,1073741824,,,64,1,1,OK,1954.824013,549.278,35652744,0.00414243,final-full-main-s2e30.raw.csv
PRO,PRO,21,2097152,1073741824,,18,64,1,1,OK,1107.995505,969.085,,,final-full-main-s2e30.raw.csv
VJ,VJ_pw1,21,2097152,1073741824,1,,64,1,1,OK,3629.038695,295.875,4194306,0.00048733,final-full-main-s2e30.raw.csv
VJ,VJ_pw2,21,2097152,1073741824,2,,64,1,1,OK,3650.444768,294.140,6291459,0.00073099,final-full-main-s2e30.raw.csv
VJ,VJ_pw4,21,2097152,1073741824,4,,64,1,1,OK,3300.550913,325.322,10485765,0.00121832,final-full-main-s2e30.raw.csv
NPO,NPO,22,4194304,1073741824,,,64,1,1,OK,1053.996258,1018.734,69207176,0.00802543,final-full-main-s2e30.raw.csv
PRO,PRO,22,4194304,1073741824,,18,64,1,1,OK,1103.185854,973.310,,,final-full-main-s2e30.raw.csv
VJ,VJ_pw1,22,4194304,1073741824,1,,64,1,1,OK,2933.552512,366.021,8388610,0.00097276,final-full-main-s2e30.raw.csv
VJ,VJ_pw2,22,4194304,1073741824,2,,64,1,1,OK,2698.908424,397.843,12582915,0.00145914,final-full-main-s2e30.raw.csv
VJ,VJ_pw4,22,4194304,1073741824,4,,64,1,1,OK,2223.321132,482.945,20971525,0.00243191,final-full-main-s2e30.raw.csv
NPO,NPO,23,8388608,1073741824,,,64,1,1,OK,964.026888,1113.809,136316040,0.01574626,final-full-main-s2e30.raw.csv
PRO,PRO,23,8388608,1073741824,,18,64,1,1,OK,1116.334449,961.846,,,final-full-main-s2e30.raw.csv
VJ,VJ_pw1,23,8388608,1073741824,1,,64,1,1,OK,2108.812249,509.169,16777218,0.00193798,final-full-main-s2e30.raw.csv
VJ,VJ_pw2,23,8388608,1073741824,2,,64,1,1,OK,1663.849257,645.336,25165827,0.00290698,final-full-main-s2e30.raw.csv
VJ,VJ_pw4,23,8388608,1073741824,4,,64,1,1,OK,1110.285770,967.086,41943045,0.00484496,final-full-main-s2e30.raw.csv
NPO,NPO,24,16777216,1073741824,,,64,1,1,OK,784.089685,1369.412,270533768,0.03100975,final-full-main-s2e30.raw.csv
PRO,PRO,24,16777216,1073741824,,18,64,1,1,OK,1126.269927,953.361,,,final-full-main-s2e30.raw.csv
VJ,VJ_pw1,24,16777216,1073741824,1,,64,1,1,OK,1035.262165,1037.169,33554434,0.00384615,final-full-main-s2e30.raw.csv
VJ,VJ_pw2,24,16777216,1073741824,2,,64,1,1,OK,716.631944,1498.317,50331651,0.00576923,final-full-main-s2e30.raw.csv
VJ,VJ_pw4,24,16777216,1073741824,4,,64,1,1,OK,606.643395,1769.972,83886085,0.00961539,final-full-main-s2e30.raw.csv
NPO,NPO,25,33554432,1073741824,,,64,1,1,OK,675.981478,1588.419,538969224,0.06084293,final-full-main-s2e30.raw.csv
PRO,PRO,25,33554432,1073741824,,18,64,1,1,OK,1124.075685,955.222,,,final-full-main-s2e30.raw.csv
VJ,VJ_pw1,25,33554432,1073741824,1,,64,1,1,OK,444.256163,2416.943,67108866,0.00757576,final-full-main-s2e30.raw.csv
VJ,VJ_pw2,25,33554432,1073741824,2,,64,1,1,OK,370.648433,2896.928,100663299,0.01136364,final-full-main-s2e30.raw.csv
VJ,VJ_pw4,25,33554432,1073741824,4,,64,1,1,OK,353.522601,3037.265,167772165,0.01893939,final-full-main-s2e30.raw.csv
NPO,NPO,26,67108864,1073741824,,,64,1,1,OK,570.923046,1880.712,1075840136,0.11787697,final-full-main-s2e30.raw.csv
PRO,PRO,26,67108864,1073741824,,18,64,1,1,OK,1096.871554,978.913,,,final-full-main-s2e30.raw.csv
VJ,VJ_pw1,26,67108864,1073741824,1,,64,1,1,OK,245.111168,4380.632,134217730,0.01470588,final-full-main-s2e30.raw.csv
VJ,VJ_pw2,26,67108864,1073741824,2,,64,1,1,OK,227.157190,4726.867,201326595,0.02205882,final-full-main-s2e30.raw.csv
VJ,VJ_pw4,26,67108864,1073741824,4,,64,1,1,OK,218.523934,4913.612,335544325,0.03676471,final-full-main-s2e30.raw.csv
NPO,NPO,27,134217728,1073741824,,,64,1,1,OK,468.848497,2290.168,2149581960,0.22243936,final-full-main-s2e30.raw.csv
PRO,PRO,27,134217728,1073741824,,18,64,1,1,OK,1016.209143,1056.615,,,final-full-main-s2e30.raw.csv
VJ,VJ_pw1,27,134217728,1073741824,1,,64,1,1,OK,152.000989,7064.045,268435458,0.02777778,final-full-main-s2e30.raw.csv
VJ,VJ_pw2,27,134217728,1073741824,2,,64,1,1,OK,137.518798,7807.964,402653187,0.04166667,final-full-main-s2e30.raw.csv
VJ,VJ_pw4,27,134217728,1073741824,4,,64,1,1,OK,133.647088,8034.158,671088645,0.06944444,final-full-main-s2e30.raw.csv
NPO,NPO,28,268435456,1073741824,,,64,1,1,OK,373.690143,2873.348,4297065608,0.40019542,final-full-main-s2e30.raw.csv
PRO,PRO,28,268435456,1073741824,,18,64,1,1,OK,772.465573,1390.019,,,final-full-main-s2e30.raw.csv
VJ,VJ_pw1,28,268435456,1073741824,1,,64,1,1,OK,89.426745,12006.943,536870914,0.05000000,final-full-main-s2e30.raw.csv
VJ,VJ_pw2,28,268435456,1073741824,2,,64,1,1,OK,73.700139,14569.061,805306371,0.07500000,final-full-main-s2e30.raw.csv
VJ,VJ_pw4,28,268435456,1073741824,4,,64,1,1,OK,71.691578,14977.238,1342177285,0.12500000,final-full-main-s2e30.raw.csv
NPO,NPO,29,536870912,1073741824,,,64,1,1,OK,260.399527,4123.440,8592032904,0.66682952,final-full-main-s2e30.raw.csv
PRO,PRO,29,536870912,1073741824,,18,64,1,1,OK,711.016199,1510.151,,,final-full-main-s2e30.raw.csv
VJ,VJ_pw1,29,536870912,1073741824,1,,64,1,1,OK,44.808999,23962.638,1073741826,0.08333333,final-full-main-s2e30.raw.csv
VJ,VJ_pw2,29,536870912,1073741824,2,,64,1,1,OK,38.822205,27657.930,1610612739,0.12500000,final-full-main-s2e30.raw.csv
VJ,VJ_pw4,29,536870912,1073741824,4,,64,1,1,OK,37.678737,28497.288,2684354565,0.20833333,final-full-main-s2e30.raw.csv
NPO,NPO,30,1073741824,1073741824,,,64,1,1,OK,136.186698,7884.337,17181967496,1.00012214,final-full-main-s2e30.raw.csv
PRO,PRO,30,1073741824,1073741824,,18,64,1,1,OK,516.019096,2080.818,,,final-full-main-s2e30.raw.csv
VJ,VJ_pw1,30,1073741824,1073741824,1,,64,1,1,OK,23.255246,46172.027,2147483650,0.12500000,final-full-main-s2e30.raw.csv
VJ,VJ_pw2,30,1073741824,1073741824,2,,64,1,1,OK,20.401446,52630.672,3221225475,0.18750000,final-full-main-s2e30.raw.csv
VJ,VJ_pw4,30,1073741824,1073741824,4,,64,1,1,OK,19.195601,55936.870,5368709125,0.31250000,final-full-main-s2e30.raw.csv
PRVJ,PRVJ_best,6,64,1073741824,4,18,64,1,1,OK,1187.628247,904.106,315,0.00000004,final-full-main-s2e30.raw.csv
PRVJ,PRVJ_best,7,128,1073741824,4,18,64,1,1,OK,1177.707485,911.722,640,0.00000007,final-full-main-s2e30.raw.csv
PRVJ,PRVJ_best,8,256,1073741824,4,18,64,1,1,OK,1185.124572,906.016,1280,0.00000015,final-full-main-s2e30.raw.csv
PRVJ,PRVJ_best,9,512,1073741824,4,18,64,1,1,OK,1223.896831,877.314,2560,0.00000030,final-full-main-s2e30.raw.csv
PRVJ,PRVJ_best,10,1024,1073741824,4,18,64,1,1,OK,1273.716605,842.999,5120,0.00000060,final-full-main-s2e30.raw.csv
PRVJ,PRVJ_best,11,2048,1073741824,4,18,64,1,1,OK,1276.631811,841.074,10240,0.00000119,final-full-main-s2e30.raw.csv
PRVJ,PRVJ_best,12,4096,1073741824,4,18,64,1,1,OK,1255.510930,855.223,20480,0.00000238,final-full-main-s2e30.raw.csv
PRVJ,PRVJ_best,13,8192,1073741824,4,18,64,1,1,OK,1262.018592,850.813,40960,0.00000477,final-full-main-s2e30.raw.csv
PRVJ,PRVJ_best,14,16384,1073741824,4,18,64,1,1,OK,1154.542479,930.015,81920,0.00000954,final-full-main-s2e30.raw.csv
PRVJ,PRVJ_best,15,32768,1073741824,4,18,64,1,1,OK,1117.747545,960.630,163840,0.00001907,final-full-main-s2e30.raw.csv
PRVJ,PRVJ_best,16,65536,1073741824,4,18,64,1,1,OK,1117.788271,960.595,327680,0.00003814,final-full-main-s2e30.raw.csv
PRVJ,PRVJ_best,17,131072,1073741824,4,18,64,1,1,OK,1104.559021,972.100,655360,0.00007628,final-full-main-s2e30.raw.csv
PRVJ,PRVJ_best,18,262144,1073741824,4,18,64,1,1,OK,1074.702608,999.106,1310725,0.00015255,final-full-main-s2e30.raw.csv
PRVJ,PRVJ_best,19,524288,1073741824,4,18,64,1,1,OK,1069.263747,1004.188,2621445,0.00030503,final-full-main-s2e30.raw.csv
PRVJ,PRVJ_best,20,1048576,1073741824,4,18,64,1,1,OK,1075.710374,998.170,5242885,0.00060976,final-full-main-s2e30.raw.csv
PRVJ,PRVJ_best,21,2097152,1073741824,4,18,64,1,1,OK,1083.680256,990.829,10485765,0.00121832,final-full-main-s2e30.raw.csv
PRVJ,PRVJ_best,22,4194304,1073741824,4,18,64,1,1,OK,1078.022652,996.029,20971525,0.00243191,final-full-main-s2e30.raw.csv
PRVJ,PRVJ_best,23,8388608,1073741824,4,18,64,1,1,OK,1078.379936,995.699,41943045,0.00484496,final-full-main-s2e30.raw.csv
PRVJ,PRVJ_best,24,16777216,1073741824,4,18,64,1,1,OK,1077.051604,996.927,83886085,0.00961539,final-full-main-s2e30.raw.csv
PRVJ,PRVJ_best,25,33554432,1073741824,4,18,64,1,1,OK,1035.529741,1036.901,167772165,0.01893939,final-full-main-s2e30.raw.csv
PRVJ,PRVJ_best,26,67108864,1073741824,4,18,64,1,1,OK,1015.828429,1057.011,335544325,0.03676471,final-full-main-s2e30.raw.csv
PRVJ,PRVJ_best,27,134217728,1073741824,4,18,64,1,1,OK,953.957230,1125.566,671088645,0.06944444,final-full-main-s2e30.raw.csv
PRVJ,PRVJ_best,28,268435456,1073741824,4,18,64,1,1,OK,842.032235,1275.179,1342177285,0.12500000,final-full-main-s2e30.raw.csv
PRVJ,PRVJ_best,29,536870912,1073741824,4,18,64,1,1,OK,689.160142,1558.044,2684354565,0.20833333,final-full-main-s2e30.raw.csv
PRVJ,PRVJ_best,30,1073741824,1073741824,4,18,64,1,1,OK,476.665656,2252.610,5368709125,0.31250000,final-full-main-s2e30.raw.csv
sort-merge,sort-merge,5,32,1073741824,,,32,1,1,OK,9.236553,116249.191,8589934984,1.00000002,final-sortmerge-s2e30-r5-t32.raw.csv
sort-merge,sort-merge,6,64,1073741824,,,64,1,1,OK,8.932268,120209.313,8589935240,1.00000002,final-sortmerge-s2e30-r6-r30.raw.csv
sort-merge,sort-merge,7,128,1073741824,,,64,1,1,OK,8.672289,123812.967,8589935752,1.00000002,final-sortmerge-s2e30-r6-r30.raw.csv
sort-merge,sort-merge,8,256,1073741824,,,64,1,1,OK,8.410466,127667.334,8589936776,1.00000002,final-sortmerge-s2e30-r6-r30.raw.csv
sort-merge,sort-merge,9,512,1073741824,,,64,1,1,OK,8.139037,131924.920,8589938824,1.00000002,final-sortmerge-s2e30-r6-r30.raw.csv
sort-merge,sort-merge,10,1024,1073741824,,,64,1,1,OK,7.980950,134538.096,8589942920,1.00000002,final-sortmerge-s2e30-r6-r30.raw.csv
sort-merge,sort-merge,11,2048,1073741824,,,64,1,1,OK,7.762835,138318.261,8589951112,1.00000002,final-sortmerge-s2e30-r6-r30.raw.csv
sort-merge,sort-merge,12,4096,1073741824,,,64,1,1,OK,7.612597,141048.040,8589967496,1.00000002,final-sortmerge-s2e30-r6-r30.raw.csv
sort-merge,sort-merge,13,8192,1073741824,,,64,1,1,OK,7.421123,144687.252,8590000264,1.00000002,final-sortmerge-s2e30-r6-r30.raw.csv
sort-merge,sort-merge,14,16384,1073741824,,,64,1,1,OK,7.296824,147151.949,8590065800,1.00000002,final-sortmerge-s2e30-r6-r30.raw.csv
sort-merge,sort-merge,15,32768,1073741824,,,64,1,1,OK,7.154289,150083.642,8590196872,1.00000002,final-sortmerge-s2e30-r6-r30.raw.csv
sort-merge,sort-merge,16,65536,1073741824,,,64,1,1,OK,6.961066,154249.631,8590459016,1.00000002,final-sortmerge-s2e30-r6-r30.raw.csv
sort-merge,sort-merge,17,131072,1073741824,,,64,1,1,OK,6.813569,157588.753,8590983304,1.00000002,final-sortmerge-s2e30-r6-r30.raw.csv
sort-merge,sort-merge,18,262144,1073741824,,,64,1,1,OK,6.688511,160535.256,8592031880,1.00000002,final-sortmerge-s2e30-r6-r30.raw.csv
sort-merge,sort-merge,19,524288,1073741824,,,64,1,1,OK,6.543922,164082.317,8594129032,1.00000002,final-sortmerge-s2e30-r6-r30.raw.csv
sort-merge,sort-merge,20,1048576,1073741824,,,64,1,1,OK,6.429964,166990.341,8598323336,1.00000002,final-sortmerge-s2e30-r6-r30.raw.csv
sort-merge,sort-merge,21,2097152,1073741824,,,64,1,1,OK,6.277739,171039.589,8606711944,1.00000002,final-sortmerge-s2e30-r6-r30.raw.csv
sort-merge,sort-merge,22,4194304,1073741824,,,64,1,1,OK,6.137169,174957.173,8623489160,1.00000002,final-sortmerge-s2e30-r6-r30.raw.csv
sort-merge,sort-merge,23,8388608,1073741824,,,64,1,1,OK,6.015485,178496.312,8657043592,1.00000002,final-sortmerge-s2e30-r6-r30.raw.csv
sort-merge,sort-merge,24,16777216,1073741824,,,64,1,1,OK,5.856959,183327.527,8724152456,1.00000002,final-sortmerge-s2e30-r6-r30.raw.csv
sort-merge,sort-merge,25,33554432,1073741824,,,64,1,1,OK,5.690296,188697.022,8858370184,1.00000002,final-sortmerge-s2e30-r6-r30.raw.csv
sort-merge,sort-merge,26,67108864,1073741824,,,64,1,1,OK,5.487932,195655.078,9126805640,1.00000001,final-sortmerge-s2e30-r6-r30.raw.csv
sort-merge,sort-merge,27,134217728,1073741824,,,64,1,1,OK,5.097800,210628.464,9663676552,1.00000001,final-sortmerge-s2e30-r6-r30.raw.csv
sort-merge,sort-merge,28,268435456,1073741824,,,64,1,1,OK,4.602164,233312.399,10737418376,1.00000001,final-sortmerge-s2e30-r6-r30.raw.csv
sort-merge,sort-merge,29,536870912,1073741824,,,64,1,1,OK,3.780586,284014.652,12884902024,1.00000001,final-sortmerge-s2e30-r6-r30.raw.csv
sort-merge,sort-merge,30,1073741824,1073741824,,,64,1,1,OK,2.792985,384442.383,17179869320,1.00000001,final-sortmerge-s2e30-r6-r30.raw.csv
