algo,variant,r_exp,r_size,s_size,payload_width,radix_bits,threads,repeat,status,throughput_mtps,time_ms,vector_total_bytes,extra_space_ratio,stdout_log,stderr_log,error
sort-merge,sort-merge,5,32,1073741824,,,32,1,OK,9.236553,116249.191,8589934984,1.00000002,"final-sortmerge-s2e30-r5-t32.logs/sort-merge_R2e5_rep1.stdout","final-sortmerge-s2e30-r5-t32.logs/sort-merge_R2e5_rep1.stderr",""
sort-merge,sort-merge,6,64,1073741824,,,64,1,OK,8.932268,120209.313,8589935240,1.00000002,"final-sortmerge-s2e30-r6-r30.logs/sort-merge_R2e6_rep1.stdout","final-sortmerge-s2e30-r6-r30.logs/sort-merge_R2e6_rep1.stderr",""
sort-merge,sort-merge,7,128,1073741824,,,64,1,OK,8.672289,123812.967,8589935752,1.00000002,"final-sortmerge-s2e30-r6-r30.logs/sort-merge_R2e7_rep1.stdout","final-sortmerge-s2e30-r6-r30.logs/sort-merge_R2e7_rep1.stderr",""
sort-merge,sort-merge,8,256,1073741824,,,64,1,OK,8.410466,127667.334,8589936776,1.00000002,"final-sortmerge-s2e30-r6-r30.logs/sort-merge_R2e8_rep1.stdout","final-sortmerge-s2e30-r6-r30.logs/sort-merge_R2e8_rep1.stderr",""
sort-merge,sort-merge,9,512,1073741824,,,64,1,OK,8.139037,131924.920,8589938824,1.00000002,"final-sortmerge-s2e30-r6-r30.logs/sort-merge_R2e9_rep1.stdout","final-sortmerge-s2e30-r6-r30.logs/sort-merge_R2e9_rep1.stderr",""
sort-merge,sort-merge,10,1024,1073741824,,,64,1,OK,7.980950,134538.096,8589942920,1.00000002,"final-sortmerge-s2e30-r6-r30.logs/sort-merge_R2e10_rep1.stdout","final-sortmerge-s2e30-r6-r30.logs/sort-merge_R2e10_rep1.stderr",""
sort-merge,sort-merge,11,2048,1073741824,,,64,1,OK,7.762835,138318.261,8589951112,1.00000002,"final-sortmerge-s2e30-r6-r30.logs/sort-merge_R2e11_rep1.stdout","final-sortmerge-s2e30-r6-r30.logs/sort-merge_R2e11_rep1.stderr",""
sort-merge,sort-merge,12,4096,1073741824,,,64,1,OK,7.612597,141048.040,8589967496,1.00000002,"final-sortmerge-s2e30-r6-r30.logs/sort-merge_R2e12_rep1.stdout","final-sortmerge-s2e30-r6-r30.logs/sort-merge_R2e12_rep1.stderr",""
sort-merge,sort-merge,13,8192,1073741824,,,64,1,OK,7.421123,144687.252,8590000264,1.00000002,"final-sortmerge-s2e30-r6-r30.logs/sort-merge_R2e13_rep1.stdout","final-sortmerge-s2e30-r6-r30.logs/sort-merge_R2e13_rep1.stderr",""
sort-merge,sort-merge,14,16384,1073741824,,,64,1,OK,7.296824,147151.949,8590065800,1.00000002,"final-sortmerge-s2e30-r6-r30.logs/sort-merge_R2e14_rep1.stdout","final-sortmerge-s2e30-r6-r30.logs/sort-merge_R2e14_rep1.stderr",""
sort-merge,sort-merge,15,32768,1073741824,,,64,1,OK,7.154289,150083.642,8590196872,1.00000002,"final-sortmerge-s2e30-r6-r30.logs/sort-merge_R2e15_rep1.stdout","final-sortmerge-s2e30-r6-r30.logs/sort-merge_R2e15_rep1.stderr",""
sort-merge,sort-merge,16,65536,1073741824,,,64,1,OK,6.961066,154249.631,8590459016,1.00000002,"final-sortmerge-s2e30-r6-r30.logs/sort-merge_R2e16_rep1.stdout","final-sortmerge-s2e30-r6-r30.logs/sort-merge_R2e16_rep1.stderr",""
sort-merge,sort-merge,17,131072,1073741824,,,64,1,OK,6.813569,157588.753,8590983304,1.00000002,"final-sortmerge-s2e30-r6-r30.logs/sort-merge_R2e17_rep1.stdout","final-sortmerge-s2e30-r6-r30.logs/sort-merge_R2e17_rep1.stderr",""
sort-merge,sort-merge,18,262144,1073741824,,,64,1,OK,6.688511,160535.256,8592031880,1.00000002,"final-sortmerge-s2e30-r6-r30.logs/sort-merge_R2e18_rep1.stdout","final-sortmerge-s2e30-r6-r30.logs/sort-merge_R2e18_rep1.stderr",""
sort-merge,sort-merge,19,524288,1073741824,,,64,1,OK,6.543922,164082.317,8594129032,1.00000002,"final-sortmerge-s2e30-r6-r30.logs/sort-merge_R2e19_rep1.stdout","final-sortmerge-s2e30-r6-r30.logs/sort-merge_R2e19_rep1.stderr",""
sort-merge,sort-merge,20,1048576,1073741824,,,64,1,OK,6.429964,166990.341,8598323336,1.00000002,"final-sortmerge-s2e30-r6-r30.logs/sort-merge_R2e20_rep1.stdout","final-sortmerge-s2e30-r6-r30.logs/sort-merge_R2e20_rep1.stderr",""
sort-merge,sort-merge,21,2097152,1073741824,,,64,1,OK,6.277739,171039.589,8606711944,1.00000002,"final-sortmerge-s2e30-r6-r30.logs/sort-merge_R2e21_rep1.stdout","final-sortmerge-s2e30-r6-r30.logs/sort-merge_R2e21_rep1.stderr",""
sort-merge,sort-merge,22,4194304,1073741824,,,64,1,OK,6.137169,174957.173,8623489160,1.00000002,"final-sortmerge-s2e30-r6-r30.logs/sort-merge_R2e22_rep1.stdout","final-sortmerge-s2e30-r6-r30.logs/sort-merge_R2e22_rep1.stderr",""
sort-merge,sort-merge,23,8388608,1073741824,,,64,1,OK,6.015485,178496.312,8657043592,1.00000002,"final-sortmerge-s2e30-r6-r30.logs/sort-merge_R2e23_rep1.stdout","final-sortmerge-s2e30-r6-r30.logs/sort-merge_R2e23_rep1.stderr",""
sort-merge,sort-merge,24,16777216,1073741824,,,64,1,OK,5.856959,183327.527,8724152456,1.00000002,"final-sortmerge-s2e30-r6-r30.logs/sort-merge_R2e24_rep1.stdout","final-sortmerge-s2e30-r6-r30.logs/sort-merge_R2e24_rep1.stderr",""
sort-merge,sort-merge,25,33554432,1073741824,,,64,1,OK,5.690296,188697.022,8858370184,1.00000002,"final-sortmerge-s2e30-r6-r30.logs/sort-merge_R2e25_rep1.stdout","final-sortmerge-s2e30-r6-r30.logs/sort-merge_R2e25_rep1.stderr",""
sort-merge,sort-merge,26,67108864,1073741824,,,64,1,OK,5.487932,195655.078,9126805640,1.00000001,"final-sortmerge-s2e30-r6-r30.logs/sort-merge_R2e26_rep1.stdout","final-sortmerge-s2e30-r6-r30.logs/sort-merge_R2e26_rep1.stderr",""
sort-merge,sort-merge,27,134217728,1073741824,,,64,1,OK,5.097800,210628.464,9663676552,1.00000001,"final-sortmerge-s2e30-r6-r30.logs/sort-merge_R2e27_rep1.stdout","final-sortmerge-s2e30-r6-r30.logs/sort-merge_R2e27_rep1.stderr",""
sort-merge,sort-merge,28,268435456,1073741824,,,64,1,OK,4.602164,233312.399,10737418376,1.00000001,"final-sortmerge-s2e30-r6-r30.logs/sort-merge_R2e28_rep1.stdout","final-sortmerge-s2e30-r6-r30.logs/sort-merge_R2e28_rep1.stderr",""
sort-merge,sort-merge,29,536870912,1073741824,,,64,1,OK,3.780586,284014.652,12884902024,1.00000001,"final-sortmerge-s2e30-r6-r30.logs/sort-merge_R2e29_rep1.stdout","final-sortmerge-s2e30-r6-r30.logs/sort-merge_R2e29_rep1.stderr",""
sort-merge,sort-merge,30,1073741824,1073741824,,,64,1,OK,2.792985,384442.383,17179869320,1.00000001,"final-sortmerge-s2e30-r6-r30.logs/sort-merge_R2e30_rep1.stdout","final-sortmerge-s2e30-r6-r30.logs/sort-merge_R2e30_rep1.stderr",""
