schema_version,experiment_id,config_id,session_id,lifecycle,ratio_mode,status,error_class,return_code,engine,scale_factor,dataset_path,region,date,threads,cpu_ratio,gpu_ratio,gpu_chunk_rows,memory_scope,mode_options_json,dataset_load_ms,session_setup_ms,plan_build_ms,host_staging_ms,allocation_ms,initial_h2d_ms,tune_ms,resident_host_bytes,resident_gpu_bytes,resident_pinned_bytes,measurement_status_json,selected_cpu_ratio,predicted_cpu_ratio,hybrid_provenance_status,hybrid_model_version,calibration_rows,cpu_calibration_requests,gpu_calibration_requests,cpu_calibration_ms,gpu_calibration_ms,gpu_kernel_calibration_ms,gpu_fixed_ms,cpu_rows_per_ms,gpu_kernel_rows_per_ms,realized_cpu_ratio,selected_batch_boundary_rows,process_elapsed_ms,cpu_peak_rss_bytes,gpu_peak_memory_bytes,cpu_peak_rss_status,gpu_peak_memory_status,gpu_peak_memory_source,stdout_log,stderr_log,started_at_utc,finished_at_utc
2,v7-formal-sf1-resident,cpu-specialized-t08,e887864a-6c86-4c00-a498-7c4967d22032,resident,fixed,ok,,0,cpu-specialized,1,data/tpch_sf1_arrow,ASIA,1994-01-01,8,1.0,0.0,0,process_tree,"{""sweep"":""threads""}",296.091287,61.887038,61.770786,0.0,0.0,0.0,0.0,264088793,0,0,"{""allocation_ms"":""measured"",""dataset_load_ms"":""measured"",""host_staging_ms"":""measured"",""initial_h2d_ms"":""measured"",""plan_build_ms"":""measured"",""resident_gpu_bytes"":""measured"",""resident_host_bytes"":""measured"",""resident_pinned_bytes"":""measured"",""session_setup_ms"":""measured"",""tune_ms"":""measured""}",1.0,,unavailable,,,,,,,,,,,,,519.5507630705833,331653120,,measured,unavailable,,logs/cpu-specialized-t08.stdout.jsonl,logs/cpu-specialized-t08.stderr.txt,2026-07-14T06:55:03.904092Z,2026-07-14T06:55:04.423670Z
2,v7-formal-sf1-resident,cpu-specialized-t16,ed28287c-66d6-49bd-99be-c5bf1967fb29,resident,fixed,ok,,0,cpu-specialized,1,data/tpch_sf1_arrow,ASIA,1994-01-01,16,1.0,0.0,0,process_tree,"{""sweep"":""threads""}",297.171057,61.268943,61.135495,0.0,0.0,0.0,0.0,264088793,0,0,"{""allocation_ms"":""measured"",""dataset_load_ms"":""measured"",""host_staging_ms"":""measured"",""initial_h2d_ms"":""measured"",""plan_build_ms"":""measured"",""resident_gpu_bytes"":""measured"",""resident_host_bytes"":""measured"",""resident_pinned_bytes"":""measured"",""session_setup_ms"":""measured"",""tune_ms"":""measured""}",1.0,,unavailable,,,,,,,,,,,,,567.1475478447974,340070400,,measured,unavailable,,logs/cpu-specialized-t16.stdout.jsonl,logs/cpu-specialized-t16.stderr.txt,2026-07-14T06:55:04.426627Z,2026-07-14T06:55:04.993787Z
2,v7-formal-sf1-resident,cpu-specialized-t32,7550aa85-e90d-44ef-a492-b066c4506c73,resident,fixed,ok,,0,cpu-specialized,1,data/tpch_sf1_arrow,ASIA,1994-01-01,32,1.0,0.0,0,process_tree,"{""sweep"":""threads""}",297.591434,63.772432,63.643961,0.0,0.0,0.0,0.0,264088793,0,0,"{""allocation_ms"":""measured"",""dataset_load_ms"":""measured"",""host_staging_ms"":""measured"",""initial_h2d_ms"":""measured"",""plan_build_ms"":""measured"",""resident_gpu_bytes"":""measured"",""resident_host_bytes"":""measured"",""resident_pinned_bytes"":""measured"",""session_setup_ms"":""measured"",""tune_ms"":""measured""}",1.0,,unavailable,,,,,,,,,,,,,575.3142200410366,340123648,,measured,unavailable,,logs/cpu-specialized-t32.stdout.jsonl,logs/cpu-specialized-t32.stderr.txt,2026-07-14T06:55:04.996651Z,2026-07-14T06:55:05.571976Z
2,v7-formal-sf1-resident,arrow-acero-t08,4aaf3006-065e-4b15-a1d5-9be36fe0122a,resident,fixed,ok,,0,arrow-acero,1,data/tpch_sf1_arrow,ASIA,1994-01-01,8,1.0,0.0,0,process_tree,"{""sweep"":""threads""}",297.054498,0.015883,0.0,0.0,0.0,0.0,0.0,259329279,0,0,"{""allocation_ms"":""measured"",""dataset_load_ms"":""measured"",""host_staging_ms"":""measured"",""initial_h2d_ms"":""measured"",""plan_build_ms"":""measured"",""resident_gpu_bytes"":""measured"",""resident_host_bytes"":""measured"",""resident_pinned_bytes"":""measured"",""session_setup_ms"":""measured"",""tune_ms"":""measured""}",1.0,,unavailable,,,,,,,,,,,,,4659.203059971333,636538880,,measured,unavailable,,logs/arrow-acero-t08.stdout.jsonl,logs/arrow-acero-t08.stderr.txt,2026-07-14T06:55:05.574754Z,2026-07-14T06:55:10.233977Z
2,v7-formal-sf1-resident,arrow-acero-t16,ad5b82e0-530b-418c-b268-4bce374bbdb3,resident,fixed,ok,,0,arrow-acero,1,data/tpch_sf1_arrow,ASIA,1994-01-01,16,1.0,0.0,0,process_tree,"{""sweep"":""threads""}",286.452343,0.01375,0.0,0.0,0.0,0.0,0.0,259329279,0,0,"{""allocation_ms"":""measured"",""dataset_load_ms"":""measured"",""host_staging_ms"":""measured"",""initial_h2d_ms"":""measured"",""plan_build_ms"":""measured"",""resident_gpu_bytes"":""measured"",""resident_host_bytes"":""measured"",""resident_pinned_bytes"":""measured"",""session_setup_ms"":""measured"",""tune_ms"":""measured""}",1.0,,unavailable,,,,,,,,,,,,,4660.486905835569,630243328,,measured,unavailable,,logs/arrow-acero-t16.stdout.jsonl,logs/arrow-acero-t16.stderr.txt,2026-07-14T06:55:10.237186Z,2026-07-14T06:55:14.897683Z
2,v7-formal-sf1-resident,arrow-acero-t32,6f5389df-b98e-47c4-806c-096ab63f2cbb,resident,fixed,ok,,0,arrow-acero,1,data/tpch_sf1_arrow,ASIA,1994-01-01,32,1.0,0.0,0,process_tree,"{""sweep"":""threads""}",284.259542,0.015984,0.0,0.0,0.0,0.0,0.0,259329279,0,0,"{""allocation_ms"":""measured"",""dataset_load_ms"":""measured"",""host_staging_ms"":""measured"",""initial_h2d_ms"":""measured"",""plan_build_ms"":""measured"",""resident_gpu_bytes"":""measured"",""resident_host_bytes"":""measured"",""resident_pinned_bytes"":""measured"",""session_setup_ms"":""measured"",""tune_ms"":""measured""}",1.0,,unavailable,,,,,,,,,,,,,4533.040069043636,677875712,,measured,unavailable,,logs/arrow-acero-t32.stdout.jsonl,logs/arrow-acero-t32.stderr.txt,2026-07-14T06:55:14.900400Z,2026-07-14T06:55:19.433450Z
2,v7-formal-sf1-resident,gpu-copy,2e298c5a-d2cb-493a-a749-71f784f92e22,resident,fixed,ok,,0,gpu-copy,1,data/tpch_sf1_arrow,ASIA,1994-01-01,1,0.0,1.0,0,process_tree,"{""memory_mode"":""copy""}",278.348601,298.245945,61.566795,122.887436,106.482357,7.119872093200684,0.0,144064697,144064520,0,"{""allocation_ms"":""measured"",""dataset_load_ms"":""measured"",""host_staging_ms"":""measured"",""initial_h2d_ms"":""measured"",""plan_build_ms"":""measured"",""resident_gpu_bytes"":""measured"",""resident_host_bytes"":""measured"",""resident_pinned_bytes"":""measured"",""session_setup_ms"":""measured"",""tune_ms"":""measured""}",0.0,,unavailable,,,,,,,,,,,,,882.5014093890786,466472960,,measured,unavailable,,logs/gpu-copy.stdout.jsonl,logs/gpu-copy.stderr.txt,2026-07-14T06:55:19.436123Z,2026-07-14T06:55:20.318633Z
2,v7-formal-sf1-resident,gpu-managed,dd6fc08d-b728-4eb9-9d2c-0031f96eda09,resident,fixed,ok,,0,gpu-managed,1,data/tpch_sf1_arrow,ASIA,1994-01-01,1,0.0,1.0,0,process_tree,"{""memory_mode"":""managed""}",287.616903,327.055302,58.417751,157.480639,104.927274,6.024191856384277,0.0,144064697,144064520,0,"{""allocation_ms"":""measured"",""dataset_load_ms"":""measured"",""host_staging_ms"":""measured"",""initial_h2d_ms"":""measured"",""plan_build_ms"":""measured"",""resident_gpu_bytes"":""measured"",""resident_host_bytes"":""measured"",""resident_pinned_bytes"":""measured"",""session_setup_ms"":""measured"",""tune_ms"":""measured""}",0.0,,unavailable,,,,,,,,,,,,,882.7809728682041,544968704,,measured,unavailable,,logs/gpu-managed.stdout.jsonl,logs/gpu-managed.stderr.txt,2026-07-14T06:55:20.321422Z,2026-07-14T06:55:21.204211Z
2,v7-formal-sf1-resident,gpu-mapped,0534fad5-427f-4756-8762-f033e9a4d457,resident,fixed,ok,,0,gpu-mapped,1,data/tpch_sf1_arrow,ASIA,1994-01-01,1,0.0,1.0,0,process_tree,"{""memory_mode"":""mapped""}",279.826957,378.731561,59.480436,127.684565,191.426453,0.0,0.0,144064697,212,144064308,"{""allocation_ms"":""measured"",""dataset_load_ms"":""measured"",""host_staging_ms"":""measured"",""initial_h2d_ms"":""measured"",""plan_build_ms"":""measured"",""resident_gpu_bytes"":""measured"",""resident_host_bytes"":""measured"",""resident_pinned_bytes"":""measured"",""session_setup_ms"":""measured"",""tune_ms"":""measured""}",0.0,,unavailable,,,,,,,,,,,,,1257.3217693716288,691060736,,measured,unavailable,,logs/gpu-mapped.stdout.jsonl,logs/gpu-mapped.stderr.txt,2026-07-14T06:55:21.206903Z,2026-07-14T06:55:22.464234Z
2,v7-formal-sf1-resident,cudf,7afc2d3e-186d-416f-99ab-447559165d92,resident,fixed,ok,,0,cudf,1,data/tpch_sf1_arrow,ASIA,1994-01-01,1,0.0,1.0,0,process_tree,"{""framework"":""cudf""}",875.3235880285501,263.8863269239664,,,,,0.0,0,145304859,0,"{""allocation_ms"":""unavailable"",""dataset_load_ms"":""measured"",""host_staging_ms"":""unavailable"",""initial_h2d_ms"":""unavailable"",""plan_build_ms"":""unavailable"",""resident_gpu_bytes"":""measured"",""resident_host_bytes"":""measured"",""resident_pinned_bytes"":""measured"",""session_setup_ms"":""measured"",""tune_ms"":""measured""}",0.0,,unavailable,,,,,,,,,,,,,3700.0076761469245,1260331008,,measured,unavailable,,logs/cudf.stdout.jsonl,logs/cudf.stderr.txt,2026-07-14T06:55:22.466970Z,2026-07-14T06:55:26.166986Z
2,v7-formal-sf1-resident,hybrid-fixed-r0125-t08,fb86155d-20ea-4403-9030-af82f15621d4,resident,fixed,ok,,0,hybrid-arrow,1,data/tpch_sf1_arrow,ASIA,1994-01-01,8,0.125,0.875,0,process_tree,"{""partition"":""fixed"",""selection"":""fixed"",""sweep"":""diagnostic""}",276.797356,332.826924,103.38103,106.98898500000001,113.696261,5.895423889160156,0.0,184559122,129061480,0,"{""allocation_ms"":""measured"",""dataset_load_ms"":""measured"",""host_staging_ms"":""measured"",""initial_h2d_ms"":""measured"",""plan_build_ms"":""measured"",""resident_gpu_bytes"":""measured"",""resident_host_bytes"":""measured"",""resident_pinned_bytes"":""measured"",""session_setup_ms"":""measured"",""tune_ms"":""measured""}",0.125,,unavailable,,,,,,,,,,,,,897.5430908612907,540733440,,measured,unavailable,,logs/hybrid-fixed-r0125-t08.stdout.jsonl,logs/hybrid-fixed-r0125-t08.stderr.txt,2026-07-14T06:55:26.169616Z,2026-07-14T06:55:27.067168Z
2,v7-formal-sf1-resident,hybrid-fixed-r0250-t08,d6def843-d613-438c-92e2-4eaa286e3df3,resident,fixed,ok,,0,hybrid-arrow,1,data/tpch_sf1_arrow,ASIA,1994-01-01,8,0.25,0.75,0,process_tree,"{""partition"":""fixed"",""selection"":""fixed"",""sweep"":""core""}",274.752981,306.839712,105.03055599999999,87.75029799999999,105.940633,5.257472038269043,0.0,201013362,114058440,0,"{""allocation_ms"":""measured"",""dataset_load_ms"":""measured"",""host_staging_ms"":""measured"",""initial_h2d_ms"":""measured"",""plan_build_ms"":""measured"",""resident_gpu_bytes"":""measured"",""resident_host_bytes"":""measured"",""resident_pinned_bytes"":""measured"",""session_setup_ms"":""measured"",""tune_ms"":""measured""}",0.25,,unavailable,,,,,,,,,,,,,844.5659140124917,535175168,,measured,unavailable,,logs/hybrid-fixed-r0250-t08.stdout.jsonl,logs/hybrid-fixed-r0250-t08.stderr.txt,2026-07-14T06:55:27.069920Z,2026-07-14T06:55:27.914494Z
2,v7-formal-sf1-resident,hybrid-fixed-r0375-t08,728899ba-1d9b-4298-80bd-ed3995eb4d65,resident,fixed,ok,,0,hybrid-arrow,1,data/tpch_sf1_arrow,ASIA,1994-01-01,8,0.375,0.625,0,process_tree,"{""partition"":""fixed"",""selection"":""fixed"",""sweep"":""diagnostic""}",287.086414,292.094884,106.482898,75.68095,102.412258,4.6129279136657715,0.0,217467602,99055400,0,"{""allocation_ms"":""measured"",""dataset_load_ms"":""measured"",""host_staging_ms"":""measured"",""initial_h2d_ms"":""measured"",""plan_build_ms"":""measured"",""resident_gpu_bytes"":""measured"",""resident_host_bytes"":""measured"",""resident_pinned_bytes"":""measured"",""session_setup_ms"":""measured"",""tune_ms"":""measured""}",0.375,,unavailable,,,,,,,,,,,,,842.4334139563143,519995392,,measured,unavailable,,logs/hybrid-fixed-r0375-t08.stdout.jsonl,logs/hybrid-fixed-r0375-t08.stderr.txt,2026-07-14T06:55:27.917222Z,2026-07-14T06:55:28.759666Z
2,v7-formal-sf1-resident,hybrid-fixed-r0500-t08,1b3143a9-7338-4851-a1dd-a4e8b3e64649,resident,fixed,ok,,0,hybrid-arrow,1,data/tpch_sf1_arrow,ASIA,1994-01-01,8,0.5,0.5,0,process_tree,"{""partition"":""fixed"",""selection"":""fixed"",""sweep"":""core""}",276.661844,272.780495,103.21530000000001,57.82186500000001,104.947024,3.940351963043213,0.0,233921842,84052360,0,"{""allocation_ms"":""measured"",""dataset_load_ms"":""measured"",""host_staging_ms"":""measured"",""initial_h2d_ms"":""measured"",""plan_build_ms"":""measured"",""resident_gpu_bytes"":""measured"",""resident_host_bytes"":""measured"",""resident_pinned_bytes"":""measured"",""session_setup_ms"":""measured"",""tune_ms"":""measured""}",0.5,,unavailable,,,,,,,,,,,,,841.7673660442233,506482688,,measured,unavailable,,logs/hybrid-fixed-r0500-t08.stdout.jsonl,logs/hybrid-fixed-r0500-t08.stderr.txt,2026-07-14T06:55:28.762387Z,2026-07-14T06:55:29.604163Z
2,v7-formal-sf1-resident,hybrid-fixed-r0625-t08,313ff1fb-e6e0-47b7-a98e-1bc4b23c7a66,resident,fixed,ok,,0,hybrid-arrow,1,data/tpch_sf1_arrow,ASIA,1994-01-01,8,0.625,0.375,0,process_tree,"{""partition"":""fixed"",""selection"":""fixed"",""sweep"":""diagnostic""}",274.708271,254.162879,103.164845,45.227228000000004,99.523401,3.270848035812378,0.0,250376102,69049340,0,"{""allocation_ms"":""measured"",""dataset_load_ms"":""measured"",""host_staging_ms"":""measured"",""initial_h2d_ms"":""measured"",""plan_build_ms"":""measured"",""resident_gpu_bytes"":""measured"",""resident_host_bytes"":""measured"",""resident_pinned_bytes"":""measured"",""session_setup_ms"":""measured"",""tune_ms"":""measured""}",0.625,,unavailable,,,,,,,,,,,,,846.7709152027965,449232896,,measured,unavailable,,logs/hybrid-fixed-r0625-t08.stdout.jsonl,logs/hybrid-fixed-r0625-t08.stderr.txt,2026-07-14T06:55:29.606899Z,2026-07-14T06:55:30.453678Z
2,v7-formal-sf1-resident,hybrid-fixed-r0750-t08,9bc80d3c-d50b-4da6-a541-9dd41ada252f,resident,fixed,ok,,0,hybrid-arrow,1,data/tpch_sf1_arrow,ASIA,1994-01-01,8,0.75,0.25,0,process_tree,"{""partition"":""fixed"",""selection"":""fixed"",""sweep"":""core""}",275.868654,261.344919,115.642729,29.58810100000001,109.829519,2.5694079399108887,0.0,266830342,54046300,0,"{""allocation_ms"":""measured"",""dataset_load_ms"":""measured"",""host_staging_ms"":""measured"",""initial_h2d_ms"":""measured"",""plan_build_ms"":""measured"",""resident_gpu_bytes"":""measured"",""resident_host_bytes"":""measured"",""resident_pinned_bytes"":""measured"",""session_setup_ms"":""measured"",""tune_ms"":""measured""}",0.75,,unavailable,,,,,,,,,,,,,891.4430402219296,455045120,,measured,unavailable,,logs/hybrid-fixed-r0750-t08.stdout.jsonl,logs/hybrid-fixed-r0750-t08.stderr.txt,2026-07-14T06:55:30.456415Z,2026-07-14T06:55:31.347867Z
2,v7-formal-sf1-resident,hybrid-fixed-r0875-t08,6ef46623-585e-461a-926f-f61b3865cad9,resident,fixed,ok,,0,hybrid-arrow,1,data/tpch_sf1_arrow,ASIA,1994-01-01,8,0.875,0.125,0,process_tree,"{""partition"":""fixed"",""selection"":""fixed"",""sweep"":""diagnostic""}",278.056087,224.953071,104.368058,14.912651000000004,100.923776,1.9865599870681763,0.0,283284582,39043260,0,"{""allocation_ms"":""measured"",""dataset_load_ms"":""measured"",""host_staging_ms"":""measured"",""initial_h2d_ms"":""measured"",""plan_build_ms"":""measured"",""resident_gpu_bytes"":""measured"",""resident_host_bytes"":""measured"",""resident_pinned_bytes"":""measured"",""session_setup_ms"":""measured"",""tune_ms"":""measured""}",0.875,,unavailable,,,,,,,,,,,,,884.8703317344189,460709888,,measured,unavailable,,logs/hybrid-fixed-r0875-t08.stdout.jsonl,logs/hybrid-fixed-r0875-t08.stderr.txt,2026-07-14T06:55:31.350611Z,2026-07-14T06:55:32.235490Z
2,v7-formal-sf1-resident,hybrid-auto-t08,980fb16c-6aa8-408d-aec6-a1835976ccfd,resident,auto,ok,,0,hybrid-arrow,1,data/tpch_sf1_arrow,ASIA,1994-01-01,8,0.26209092658736605,0.7379090734126339,0,process_tree,"{""selection"":""auto""}",275.371183,566.468814,89.77222900000001,72.30633499999999,0.851051,4.986752033233643,398.383262,199562162,112607240,0,"{""allocation_ms"":""measured"",""dataset_load_ms"":""measured"",""host_staging_ms"":""measured"",""initial_h2d_ms"":""measured"",""plan_build_ms"":""measured"",""resident_gpu_bytes"":""measured"",""resident_host_bytes"":""measured"",""resident_pinned_bytes"":""measured"",""session_setup_ms"":""measured"",""tune_ms"":""measured""}",0.26209092658736605,0.24319614604075737,measured,hybrid-cost-v1-batch-v1,6001215,1,1,4.520717,1.433374,1.3731839656829834,0.06019003431701653,1327491.8558272945,4370292.073003608,0.26209092658736605,1572864,1145.0256858952343,539906048,,measured,unavailable,,logs/hybrid-auto-t08.stdout.jsonl,logs/hybrid-auto-t08.stderr.txt,2026-07-14T06:55:32.238175Z,2026-07-14T06:55:33.383210Z
