experiment_id,scale_factor,config_id,engine,threads,ratio_mode,cpu_ratio,gpu_ratio,lifecycle,success_count,failure_count,result_hash,query_total_ms_median,query_total_ms_mean,query_total_ms_min,query_total_ms_max,query_total_ms_pstdev,query_total_ms_p25,query_total_ms_p75,query_total_ms_p95,dataset_load_ms,session_setup_ms,tune_ms,setup_cost_ms,resident_host_bytes,resident_gpu_bytes,resident_pinned_bytes,resident_total_bytes,amortized_1_request_ms,amortized_10_requests_ms,amortized_100_requests_ms
v7-formal-sf1-resident,1,arrow-acero-t08,arrow-acero,8,fixed,1.0,0.0,resident,10,0,542abf4003633c7c,323.484541,322.64541529999997,311.42125,336.807031,8.36964779839989,314.7903645,328.73246274999997,334.231762,297.054498,0.015883,0.0,297.070381,259329279,0,0,259329279,620.554922,353.19157909999996,326.45524480999995
v7-formal-sf1-resident,1,arrow-acero-t16,arrow-acero,16,fixed,1.0,0.0,resident,10,0,542abf4003633c7c,320.36884150000003,322.6602472,296.258414,366.390417,20.19433771861348,306.823585,331.3839825,357.0797037,286.452343,0.01375,0.0,286.466093,259329279,0,0,259329279,606.8349345,349.01545080000005,323.23350243000004
v7-formal-sf1-resident,1,arrow-acero-t32,arrow-acero,32,fixed,1.0,0.0,resident,10,0,542abf4003633c7c,311.4613535,315.13871359999996,296.226522,343.482433,15.968541054298838,300.7623115,326.52481875,340.1682253,284.259542,0.015984,0.0,284.275526,259329279,0,0,259329279,595.7368795,339.8889061,314.30410875999996
v7-formal-sf1-resident,1,cpu-specialized-t08,cpu-specialized,8,fixed,1.0,0.0,resident,10,0,542abf4003633c7c,4.783445,4.8120612000000005,4.603198,4.976521,0.111611566722092,4.7502275,4.89945175,4.97621455,296.091287,61.887038,0.0,357.97832500000004,264088793,0,0,264088793,362.76177000000007,40.581277500000006,8.36322825
v7-formal-sf1-resident,1,cpu-specialized-t16,cpu-specialized,16,fixed,1.0,0.0,resident,10,0,542abf4003633c7c,3.2006105,3.290822,3.111258,4.024932,0.252560391212874,3.1867747499999997,3.2267662500000003,3.7313578499999993,297.171057,61.268943,0.0,358.44,264088793,0,0,264088793,361.6406105,39.044610500000005,6.7850105
v7-formal-sf1-resident,1,cpu-specialized-t32,cpu-specialized,32,fixed,1.0,0.0,resident,10,0,542abf4003633c7c,3.338079,3.329892,3.185168,3.421027,0.06498686215536185,3.29303725,3.37837125,3.4089490000000002,297.591434,63.772432,0.0,361.363866,264088793,0,0,264088793,364.70194499999997,39.474465599999995,6.95171766
v7-formal-sf1-resident,1,cudf,cudf,1,fixed,0.0,1.0,resident,10,0,542abf4003633c7c,12.772795977070928,13.445798447355628,12.713472824543715,18.692619167268276,1.7718091800535192,12.738847872242332,12.795771472156048,16.44838491920381,875.3235880285501,263.8863269239664,0.0,1139.2099149525166,0,145304859,0,145304859,1151.9827109295875,126.69378747232258,24.164895126596093
v7-formal-sf1-resident,1,gpu-copy,gpu-copy,1,fixed,0.0,1.0,resident,10,0,542abf4003633c7c,1.2670015000000001,1.2650849000000002,1.252795,1.2753,0.0071546250279102865,1.2610455,1.2704520000000001,1.2732354000000001,278.348601,298.245945,0.0,576.594546,144064697,144064520,0,288129217,577.8615475,58.9264561,7.03294696
v7-formal-sf1-resident,1,gpu-managed,gpu-managed,1,fixed,0.0,1.0,resident,10,0,542abf4003633c7c,1.440088,1.4391448,1.432111,1.449417,0.005252599638274362,1.434122,1.441951,1.446186,287.616903,327.055302,0.0,614.672205,144064697,144064520,0,288129217,616.1122929999999,62.9073085,7.5868100499999995
v7-formal-sf1-resident,1,gpu-mapped,gpu-mapped,1,fixed,0.0,1.0,resident,10,0,542abf4003633c7c,22.971462000000002,23.0122655,22.916065,23.214827,0.09624396837646489,22.93529375,23.07508575,23.1764888,279.826957,378.731561,0.0,658.558518,144064697,212,144064308,288129217,681.52998,88.82731380000001,29.557047180000005
v7-formal-sf1-resident,1,hybrid-auto-t08,hybrid-arrow,8,auto,0.26209092658736605,0.7379090734126339,resident,10,0,542abf4003633c7c,1.5528105,1.5514675,1.440334,1.629034,0.04988561091787892,1.5297162499999999,1.57235675,1.62187225,275.371183,566.468814,398.383262,841.8399969999999,199562162,112607240,0,312169402,843.3928074999999,85.7368102,9.971210469999999
v7-formal-sf1-resident,1,hybrid-fixed-r0125-t08,hybrid-arrow,8,fixed,0.125,0.875,resident,10,0,542abf4003633c7c,1.1597629999999999,1.16647,1.139378,1.214429,0.020427491852892752,1.1580027499999999,1.171175,1.2027839,276.797356,332.826924,0.0,609.62428,184559122,129061480,0,313620602,610.784043,62.122191,7.2560058
v7-formal-sf1-resident,1,hybrid-fixed-r0250-t08,hybrid-arrow,8,fixed,0.25,0.75,resident,10,0,542abf4003633c7c,1.5170124999999999,1.5209182,1.482597,1.574523,0.032351546933029336,1.48829675,1.5475395,1.5696738,274.752981,306.839712,0.0,581.592693,201013362,114058440,0,315071802,583.1097055,59.676281800000005,7.332939430000001
v7-formal-sf1-resident,1,hybrid-fixed-r0375-t08,hybrid-arrow,8,fixed,0.375,0.625,resident,10,0,542abf4003633c7c,2.2133235,2.2251533,2.137977,2.385574,0.06208556528702953,2.1941225,2.2437537499999998,2.32502245,287.086414,292.094884,0.0,579.181298,217467602,99055400,0,316523002,581.3946215,60.1314533,8.005136479999999
v7-formal-sf1-resident,1,hybrid-fixed-r0500-t08,hybrid-arrow,8,fixed,0.5,0.5,resident,10,0,542abf4003633c7c,2.5527015,2.5506184999999997,2.488126,2.594343,0.03530709062284802,2.5234205000000003,2.5807205,2.59331565,276.661844,272.780495,0.0,549.442339,233921842,84052360,0,317974202,551.9950405,57.49693539999999,8.04712489
v7-formal-sf1-resident,1,hybrid-fixed-r0625-t08,hybrid-arrow,8,fixed,0.625,0.375,resident,10,0,542abf4003633c7c,3.0570135,3.0654209000000003,2.973495,3.16625,0.06397923544783873,3.0255315,3.105215,3.1651637,274.708271,254.162879,0.0,528.8711500000001,250376102,69049340,0,319425442,531.9281635000001,55.944128500000005,8.345725000000002
v7-formal-sf1-resident,1,hybrid-fixed-r0750-t08,hybrid-arrow,8,fixed,0.75,0.25,resident,10,0,542abf4003633c7c,3.6821395,3.7319123,3.613804,4.014197,0.11995300727038903,3.65722975,3.73562625,3.96173915,275.868654,261.344919,0.0,537.213573,266830342,54046300,0,320876642,540.8957125,57.4034968,9.05427523
v7-formal-sf1-resident,1,hybrid-fixed-r0875-t08,hybrid-arrow,8,fixed,0.875,0.125,resident,10,0,542abf4003633c7c,4.342623,4.2954372,4.108245,4.438125,0.10917977995837876,4.2140552499999995,4.36639875,4.42270305,278.056087,224.953071,0.0,503.00915799999996,283284582,39043260,0,322327842,507.35178099999996,54.6435388,9.37271458
